This is XeTeX, Version 3.141592653-2.6-0.999998 (TeX Live 2026) (preloaded format=xelatex 2026.3.18)  10 APR 2026 16:26
entering extended mode
 restricted \write18 enabled.
 %&-line parsing enabled.
**thesis.tex
(./thesis.tex
LaTeX2e <2025-11-01>
L3 programming layer <2026-01-19>
(./hithesisbook.cls
Document Class: hithesisbook 0000/00/00 v3.1e Harbin Institute of Technology Th
esis Template
(d:/texlive/2026/texmf-dist/tex/latex/kvoptions/kvoptions.sty
Package: kvoptions 2022-06-15 v3.15 Key value format for package options (HO)

(d:/texlive/2026/texmf-dist/tex/latex/graphics/keyval.sty
Package: keyval 2022/05/29 v1.15 key=value parser (DPC)
\KV@toks@=\toks17
)
(d:/texlive/2026/texmf-dist/tex/generic/ltxcmds/ltxcmds.sty
Package: ltxcmds 2023-12-04 v1.26 LaTeX kernel commands for general use (HO)
)
(d:/texlive/2026/texmf-dist/tex/latex/kvsetkeys/kvsetkeys.sty
Package: kvsetkeys 2022-10-05 v1.19 Key value parser (HO)
))
\g_bib_maxauthor_int=\count271

(d:/texlive/2026/texmf-dist/tex/latex/base/ifthen.sty
Package: ifthen 2024/03/16 v1.1e Standard LaTeX ifthen package (DPC)
)
(d:/texlive/2026/texmf-dist/tex/latex/ctex/ctexbook.cls
(d:/texlive/2026/texmf-dist/tex/latex/ctex/config/ctexbackend.cfg
File: ctexbackend.cfg 2022/07/14 v2.5.10 Backend configuration file (CTEX)
)
(d:/texlive/2026/texmf-dist/tex/latex/l3kernel/expl3.sty
Package: expl3 2026-01-19 L3 programming layer (loader) 

(d:/texlive/2026/texmf-dist/tex/latex/l3backend/l3backend-xetex.def
File: l3backend-xetex.def 2025-10-09 L3 backend support: XeTeX
\g__graphics_track_int=\count272
\g__pdfannot_backend_int=\count273
\g__pdfannot_backend_link_int=\count274
))
Document Class: ctexbook 2022/07/14 v2.5.10 Chinese adapter for class book (CTE
X)
(d:/texlive/2026/texmf-dist/tex/latex/ctex/ctexhook.sty
Package: ctexhook 2022/07/14 v2.5.10 Document and package hooks (CTEX)
)
(d:/texlive/2026/texmf-dist/tex/latex/ctex/ctexpatch.sty
Package: ctexpatch 2022/07/14 v2.5.10 Patching commands (CTEX)
)
(d:/texlive/2026/texmf-dist/tex/latex/base/fix-cm.sty
Package: fix-cm 2020/11/24 v1.1t fixes to LaTeX

(d:/texlive/2026/texmf-dist/tex/latex/base/ts1enc.def
File: ts1enc.def 2001/06/05 v3.0e (jk/car/fm) Standard LaTeX file
LaTeX Font Info:    Redeclaring font encoding TS1 on input line 47.
LaTeX Encoding Info:    Redeclaring text command \capitalcedilla (encoding TS1)
 on input line 49.
LaTeX Encoding Info:    Redeclaring text command \capitalogonek (encoding TS1) 
on input line 52.
LaTeX Encoding Info:    Redeclaring text command \capitalgrave (encoding TS1) o
n input line 55.
LaTeX Encoding Info:    Redeclaring text command \capitalacute (encoding TS1) o
n input line 56.
LaTeX Encoding Info:    Redeclaring text command \capitalcircumflex (encoding T
S1) on input line 57.
LaTeX Encoding Info:    Redeclaring text command \capitaltilde (encoding TS1) o
n input line 58.
LaTeX Encoding Info:    Redeclaring text command \capitaldieresis (encoding TS1
) on input line 59.
LaTeX Encoding Info:    Redeclaring text command \capitalhungarumlaut (encoding
 TS1) on input line 60.
LaTeX Encoding Info:    Redeclaring text command \capitalring (encoding TS1) on
 input line 61.
LaTeX Encoding Info:    Redeclaring text command \capitalcaron (encoding TS1) o
n input line 62.
LaTeX Encoding Info:    Redeclaring text command \capitalbreve (encoding TS1) o
n input line 63.
LaTeX Encoding Info:    Redeclaring text command \capitalmacron (encoding TS1) 
on input line 64.
LaTeX Encoding Info:    Redeclaring text command \capitaldotaccent (encoding TS
1) on input line 65.
LaTeX Encoding Info:    Redeclaring text command \t (encoding TS1) on input lin
e 66.
LaTeX Encoding Info:    Redeclaring text command \capitaltie (encoding TS1) on 
input line 67.
LaTeX Encoding Info:    Redeclaring text command \newtie (encoding TS1) on inpu
t line 68.
LaTeX Encoding Info:    Redeclaring text command \capitalnewtie (encoding TS1) 
on input line 69.
LaTeX Encoding Info:    Redeclaring text symbol \textcapitalcompwordmark (encod
ing TS1) on input line 70.
LaTeX Encoding Info:    Redeclaring text symbol \textascendercompwordmark (enco
ding TS1) on input line 71.
LaTeX Encoding Info:    Redeclaring text symbol \textquotestraightbase (encodin
g TS1) on input line 72.
LaTeX Encoding Info:    Redeclaring text symbol \textquotestraightdblbase (enco
ding TS1) on input line 73.
LaTeX Encoding Info:    Redeclaring text symbol \texttwelveudash (encoding TS1)
 on input line 74.
LaTeX Encoding Info:    Redeclaring text symbol \textthreequartersemdash (encod
ing TS1) on input line 75.
LaTeX Encoding Info:    Redeclaring text symbol \textleftarrow (encoding TS1) o
n input line 76.
LaTeX Encoding Info:    Redeclaring text symbol \textrightarrow (encoding TS1) 
on input line 77.
LaTeX Encoding Info:    Redeclaring text symbol \textblank (encoding TS1) on in
put line 78.
LaTeX Encoding Info:    Redeclaring text symbol \textdollar (encoding TS1) on i
nput line 79.
LaTeX Encoding Info:    Redeclaring text symbol \textquotesingle (encoding TS1)
 on input line 80.
LaTeX Encoding Info:    Redeclaring text command \textasteriskcentered (encodin
g TS1) on input line 81.
LaTeX Encoding Info:    Redeclaring text symbol \textdblhyphen (encoding TS1) o
n input line 92.
LaTeX Encoding Info:    Redeclaring text symbol \textfractionsolidus (encoding 
TS1) on input line 93.
LaTeX Encoding Info:    Redeclaring text symbol \textzerooldstyle (encoding TS1
) on input line 94.
LaTeX Encoding Info:    Redeclaring text symbol \textoneoldstyle (encoding TS1)
 on input line 95.
LaTeX Encoding Info:    Redeclaring text symbol \texttwooldstyle (encoding TS1)
 on input line 96.
LaTeX Encoding Info:    Redeclaring text symbol \textthreeoldstyle (encoding TS
1) on input line 97.
LaTeX Encoding Info:    Redeclaring text symbol \textfouroldstyle (encoding TS1
) on input line 98.
LaTeX Encoding Info:    Redeclaring text symbol \textfiveoldstyle (encoding TS1
) on input line 99.
LaTeX Encoding Info:    Redeclaring text symbol \textsixoldstyle (encoding TS1)
 on input line 100.
LaTeX Encoding Info:    Redeclaring text symbol \textsevenoldstyle (encoding TS
1) on input line 101.
LaTeX Encoding Info:    Redeclaring text symbol \texteightoldstyle (encoding TS
1) on input line 102.
LaTeX Encoding Info:    Redeclaring text symbol \textnineoldstyle (encoding TS1
) on input line 103.
LaTeX Encoding Info:    Redeclaring text symbol \textlangle (encoding TS1) on i
nput line 104.
LaTeX Encoding Info:    Redeclaring text symbol \textminus (encoding TS1) on in
put line 105.
LaTeX Encoding Info:    Redeclaring text symbol \textrangle (encoding TS1) on i
nput line 106.
LaTeX Encoding Info:    Redeclaring text symbol \textmho (encoding TS1) on inpu
t line 107.
LaTeX Encoding Info:    Redeclaring text symbol \textbigcircle (encoding TS1) o
n input line 108.
LaTeX Encoding Info:    Redeclaring text command \textcircled (encoding TS1) on
 input line 109.
LaTeX Encoding Info:    Redeclaring text symbol \textohm (encoding TS1) on inpu
t line 115.
LaTeX Encoding Info:    Redeclaring text symbol \textlbrackdbl (encoding TS1) o
n input line 116.
LaTeX Encoding Info:    Redeclaring text symbol \textrbrackdbl (encoding TS1) o
n input line 117.
LaTeX Encoding Info:    Redeclaring text symbol \textuparrow (encoding TS1) on 
input line 118.
LaTeX Encoding Info:    Redeclaring text symbol \textdownarrow (encoding TS1) o
n input line 119.
LaTeX Encoding Info:    Redeclaring text symbol \textasciigrave (encoding TS1) 
on input line 120.
LaTeX Encoding Info:    Redeclaring text symbol \textborn (encoding TS1) on inp
ut line 121.
LaTeX Encoding Info:    Redeclaring text symbol \textdivorced (encoding TS1) on
 input line 122.
LaTeX Encoding Info:    Redeclaring text symbol \textdied (encoding TS1) on inp
ut line 123.
LaTeX Encoding Info:    Redeclaring text symbol \textleaf (encoding TS1) on inp
ut line 124.
LaTeX Encoding Info:    Redeclaring text symbol \textmarried (encoding TS1) on 
input line 125.
LaTeX Encoding Info:    Redeclaring text symbol \textmusicalnote (encoding TS1)
 on input line 126.
LaTeX Encoding Info:    Redeclaring text symbol \texttildelow (encoding TS1) on
 input line 127.
LaTeX Encoding Info:    Redeclaring text symbol \textdblhyphenchar (encoding TS
1) on input line 128.
LaTeX Encoding Info:    Redeclaring text symbol \textasciibreve (encoding TS1) 
on input line 129.
LaTeX Encoding Info:    Redeclaring text symbol \textasciicaron (encoding TS1) 
on input line 130.
LaTeX Encoding Info:    Redeclaring text symbol \textacutedbl (encoding TS1) on
 input line 131.
LaTeX Encoding Info:    Redeclaring text symbol \textgravedbl (encoding TS1) on
 input line 132.
LaTeX Encoding Info:    Redeclaring text symbol \textdagger (encoding TS1) on i
nput line 133.
LaTeX Encoding Info:    Redeclaring text symbol \textdaggerdbl (encoding TS1) o
n input line 134.
LaTeX Encoding Info:    Redeclaring text symbol \textbardbl (encoding TS1) on i
nput line 135.
LaTeX Encoding Info:    Redeclaring text symbol \textperthousand (encoding TS1)
 on input line 136.
LaTeX Encoding Info:    Redeclaring text symbol \textbullet (encoding TS1) on i
nput line 137.
LaTeX Encoding Info:    Redeclaring text symbol \textcelsius (encoding TS1) on 
input line 138.
LaTeX Encoding Info:    Redeclaring text symbol \textdollaroldstyle (encoding T
S1) on input line 139.
LaTeX Encoding Info:    Redeclaring text symbol \textcentoldstyle (encoding TS1
) on input line 140.
LaTeX Encoding Info:    Redeclaring text symbol \textflorin (encoding TS1) on i
nput line 141.
LaTeX Encoding Info:    Redeclaring text symbol \textcolonmonetary (encoding TS
1) on input line 142.
LaTeX Encoding Info:    Redeclaring text symbol \textwon (encoding TS1) on inpu
t line 143.
LaTeX Encoding Info:    Redeclaring text symbol \textnaira (encoding TS1) on in
put line 144.
LaTeX Encoding Info:    Redeclaring text symbol \textguarani (encoding TS1) on 
input line 145.
LaTeX Encoding Info:    Redeclaring text symbol \textpeso (encoding TS1) on inp
ut line 146.
LaTeX Encoding Info:    Redeclaring text symbol \textlira (encoding TS1) on inp
ut line 147.
LaTeX Encoding Info:    Redeclaring text symbol \textrecipe (encoding TS1) on i
nput line 148.
LaTeX Encoding Info:    Redeclaring text symbol \textinterrobang (encoding TS1)
 on input line 149.
LaTeX Encoding Info:    Redeclaring text symbol \textinterrobangdown (encoding 
TS1) on input line 150.
LaTeX Encoding Info:    Redeclaring text symbol \textdong (encoding TS1) on inp
ut line 151.
LaTeX Encoding Info:    Redeclaring text symbol \texttrademark (encoding TS1) o
n input line 152.
LaTeX Encoding Info:    Redeclaring text symbol \textpertenthousand (encoding T
S1) on input line 153.
LaTeX Encoding Info:    Redeclaring text symbol \textpilcrow (encoding TS1) on 
input line 154.
LaTeX Encoding Info:    Redeclaring text symbol \textbaht (encoding TS1) on inp
ut line 155.
LaTeX Encoding Info:    Redeclaring text symbol \textnumero (encoding TS1) on i
nput line 156.
LaTeX Encoding Info:    Redeclaring text symbol \textdiscount (encoding TS1) on
 input line 157.
LaTeX Encoding Info:    Redeclaring text symbol \textestimated (encoding TS1) o
n input line 158.
LaTeX Encoding Info:    Redeclaring text symbol \textopenbullet (encoding TS1) 
on input line 159.
LaTeX Encoding Info:    Redeclaring text symbol \textservicemark (encoding TS1)
 on input line 160.
LaTeX Encoding Info:    Redeclaring text symbol \textlquill (encoding TS1) on i
nput line 161.
LaTeX Encoding Info:    Redeclaring text symbol \textrquill (encoding TS1) on i
nput line 162.
LaTeX Encoding Info:    Redeclaring text symbol \textcent (encoding TS1) on inp
ut line 163.
LaTeX Encoding Info:    Redeclaring text symbol \textsterling (encoding TS1) on
 input line 164.
LaTeX Encoding Info:    Redeclaring text symbol \textcurrency (encoding TS1) on
 input line 165.
LaTeX Encoding Info:    Redeclaring text symbol \textyen (encoding TS1) on inpu
t line 166.
LaTeX Encoding Info:    Redeclaring text symbol \textbrokenbar (encoding TS1) o
n input line 167.
LaTeX Encoding Info:    Redeclaring text symbol \textsection (encoding TS1) on 
input line 168.
LaTeX Encoding Info:    Redeclaring text symbol \textasciidieresis (encoding TS
1) on input line 169.
LaTeX Encoding Info:    Redeclaring text symbol \textcopyright (encoding TS1) o
n input line 170.
LaTeX Encoding Info:    Redeclaring text symbol \textordfeminine (encoding TS1)
 on input line 171.
LaTeX Encoding Info:    Redeclaring text symbol \textcopyleft (encoding TS1) on
 input line 172.
LaTeX Encoding Info:    Redeclaring text symbol \textlnot (encoding TS1) on inp
ut line 173.
LaTeX Encoding Info:    Redeclaring text symbol \textcircledP (encoding TS1) on
 input line 174.
LaTeX Encoding Info:    Redeclaring text symbol \textregistered (encoding TS1) 
on input line 175.
LaTeX Encoding Info:    Redeclaring text symbol \textasciimacron (encoding TS1)
 on input line 176.
LaTeX Encoding Info:    Redeclaring text symbol \textdegree (encoding TS1) on i
nput line 177.
LaTeX Encoding Info:    Redeclaring text symbol \textpm (encoding TS1) on input
 line 178.
LaTeX Encoding Info:    Redeclaring text symbol \texttwosuperior (encoding TS1)
 on input line 179.
LaTeX Encoding Info:    Redeclaring text symbol \textthreesuperior (encoding TS
1) on input line 180.
LaTeX Encoding Info:    Redeclaring text symbol \textasciiacute (encoding TS1) 
on input line 181.
LaTeX Encoding Info:    Redeclaring text symbol \textmu (encoding TS1) on input
 line 182.
LaTeX Encoding Info:    Redeclaring text symbol \textparagraph (encoding TS1) o
n input line 183.
LaTeX Encoding Info:    Redeclaring text symbol \textperiodcentered (encoding T
S1) on input line 184.
LaTeX Encoding Info:    Redeclaring text symbol \textreferencemark (encoding TS
1) on input line 185.
LaTeX Encoding Info:    Redeclaring text symbol \textonesuperior (encoding TS1)
 on input line 186.
LaTeX Encoding Info:    Redeclaring text symbol \textordmasculine (encoding TS1
) on input line 187.
LaTeX Encoding Info:    Redeclaring text symbol \textsurd (encoding TS1) on inp
ut line 188.
LaTeX Encoding Info:    Redeclaring text symbol \textonequarter (encoding TS1) 
on input line 189.
LaTeX Encoding Info:    Redeclaring text symbol \textonehalf (encoding TS1) on 
input line 190.
LaTeX Encoding Info:    Redeclaring text symbol \textthreequarters (encoding TS
1) on input line 191.
LaTeX Encoding Info:    Redeclaring text symbol \texteuro (encoding TS1) on inp
ut line 192.
LaTeX Encoding Info:    Redeclaring text symbol \texttimes (encoding TS1) on in
put line 193.
LaTeX Encoding Info:    Redeclaring text symbol \textdiv (encoding TS1) on inpu
t line 194.
))
\l__ctex_tmp_int=\count275
\l__ctex_tmp_box=\box53
\l__ctex_tmp_dim=\dimen148
\g__ctex_section_depth_int=\count276
\g__ctex_font_size_int=\count277

(d:/texlive/2026/texmf-dist/tex/latex/ctex/config/ctexopts.cfg
File: ctexopts.cfg 2022/07/14 v2.5.10 Option configuration file (CTEX)
)
(d:/texlive/2026/texmf-dist/tex/latex/base/book.cls
Document Class: book 2025/01/22 v1.4n Standard LaTeX document class
(d:/texlive/2026/texmf-dist/tex/latex/base/bk12.clo
File: bk12.clo 2025/01/22 v1.4n Standard LaTeX file (size option)
)
\c@part=\count278
\c@chapter=\count279
\c@section=\count280
\c@subsection=\count281
\c@subsubsection=\count282
\c@paragraph=\count283
\c@subparagraph=\count284
\c@figure=\count285
\c@table=\count286
\abovecaptionskip=\skip49
\belowcaptionskip=\skip50
\bibindent=\dimen149
)
(d:/texlive/2026/texmf-dist/tex/latex/ctex/engine/ctex-engine-xetex.def
File: ctex-engine-xetex.def 2022/07/14 v2.5.10 XeLaTeX adapter (CTEX)

(d:/texlive/2026/texmf-dist/tex/xelatex/xecjk/xeCJK.sty
Package: xeCJK 2022/08/05 v3.9.1 Typesetting CJK scripts with XeLaTeX

(d:/texlive/2026/texmf-dist/tex/latex/l3packages/xtemplate/xtemplate.sty
Package: xtemplate 2025-10-09 L3 Experimental prototype document functions
)
\l__xeCJK_tmp_int=\count287
\l__xeCJK_tmp_box=\box54
\l__xeCJK_tmp_dim=\dimen150
\l__xeCJK_tmp_skip=\skip51
\g__xeCJK_space_factor_int=\count288
\l__xeCJK_begin_int=\count289
\l__xeCJK_end_int=\count290
\c__xeCJK_CJK_class_int=\XeTeXcharclass1
\c__xeCJK_FullLeft_class_int=\XeTeXcharclass2
\c__xeCJK_FullRight_class_int=\XeTeXcharclass3
\c__xeCJK_HalfLeft_class_int=\XeTeXcharclass4
\c__xeCJK_HalfRight_class_int=\XeTeXcharclass5
\c__xeCJK_NormalSpace_class_int=\XeTeXcharclass6
\c__xeCJK_CM_class_int=\XeTeXcharclass7
\c__xeCJK_HangulJamo_class_int=\XeTeXcharclass8
\l__xeCJK_last_skip=\skip52
\c__xeCJK_none_node=\count291
\g__xeCJK_node_int=\count292
\c__xeCJK_CJK_node_dim=\dimen151
\c__xeCJK_CJK-space_node_dim=\dimen152
\c__xeCJK_default_node_dim=\dimen153
\c__xeCJK_CJK-widow_node_dim=\dimen154
\c__xeCJK_normalspace_node_dim=\dimen155
\c__xeCJK_default-space_node_skip=\skip53
\l__xeCJK_ccglue_skip=\skip54
\l__xeCJK_ecglue_skip=\skip55
\l__xeCJK_punct_kern_skip=\skip56
\l__xeCJK_indent_box=\box55
\l__xeCJK_last_penalty_int=\count293
\l__xeCJK_last_bound_dim=\dimen156
\l__xeCJK_last_kern_dim=\dimen157
\l__xeCJK_widow_penalty_int=\count294

LaTeX template Info: Declaring template type 'xeCJK/punctuation' taking 0
(template)           argument(s) on line 2396.

\l__xeCJK_fixed_punct_width_dim=\dimen158
\l__xeCJK_mixed_punct_width_dim=\dimen159
\l__xeCJK_middle_punct_width_dim=\dimen160
\l__xeCJK_fixed_margin_width_dim=\dimen161
\l__xeCJK_mixed_margin_width_dim=\dimen162
\l__xeCJK_middle_margin_width_dim=\dimen163
\l__xeCJK_bound_punct_width_dim=\dimen164
\l__xeCJK_bound_margin_width_dim=\dimen165
\l__xeCJK_margin_minimum_dim=\dimen166
\l__xeCJK_kerning_total_width_dim=\dimen167
\l__xeCJK_same_align_margin_dim=\dimen168
\l__xeCJK_different_align_margin_dim=\dimen169
\l__xeCJK_kerning_margin_width_dim=\dimen170
\l__xeCJK_kerning_margin_minimum_dim=\dimen171
\l__xeCJK_bound_dim=\dimen172
\l__xeCJK_reverse_bound_dim=\dimen173
\l__xeCJK_margin_dim=\dimen174
\l__xeCJK_minimum_bound_dim=\dimen175
\l__xeCJK_kerning_margin_dim=\dimen176
\g__xeCJK_family_int=\count295
\l__xeCJK_fam_int=\count296
\g__xeCJK_fam_allocation_int=\count297
\l__xeCJK_verb_case_int=\count298
\l__xeCJK_verb_exspace_skip=\skip57

(d:/texlive/2026/texmf-dist/tex/latex/fontspec/fontspec.sty
(d:/texlive/2026/texmf-dist/tex/latex/l3packages/xparse/xparse.sty
Package: xparse 2025-10-09 L3 Experimental document command parser
)
Package: fontspec 2025/09/29 v2.9g Font selection for XeLaTeX and LuaLaTeX

(d:/texlive/2026/texmf-dist/tex/latex/fontspec/fontspec-xetex.sty
Package: fontspec-xetex 2025/09/29 v2.9g Font selection for XeLaTeX and LuaLaTe
X
\l__fontspec_script_int=\count299
\l__fontspec_language_int=\count300
\l__fontspec_strnum_int=\count301
\l__fontspec_tmp_int=\count302
\l__fontspec_tmpa_int=\count303
\l__fontspec_tmpb_int=\count304
\l__fontspec_tmpc_int=\count305
\l__fontspec_em_int=\count306
\l__fontspec_emdef_int=\count307
\l__fontspec_strong_int=\count308
\l__fontspec_strongdef_int=\count309
\l__fontspec_tmpa_dim=\dimen177
\l__fontspec_tmpb_dim=\dimen178
\l__fontspec_tmpc_dim=\dimen179

(d:/texlive/2026/texmf-dist/tex/latex/base/fontenc.sty
Package: fontenc 2025/07/18 v2.1d Standard LaTeX package
)
(d:/texlive/2026/texmf-dist/tex/latex/fontspec/fontspec.cfg)))
(d:/texlive/2026/texmf-dist/tex/xelatex/xecjk/xeCJK.cfg
File: xeCJK.cfg 2022/08/05 v3.9.1 Configuration file for xeCJK package
))
\ccwd=\dimen180
\l__ctex_ccglue_skip=\skip58
)
\l__ctex_ziju_dim=\dimen181

(d:/texlive/2026/texmf-dist/tex/latex/zhnumber/zhnumber.sty
Package: zhnumber 2022/07/14 v3.0 Typesetting numbers with Chinese glyphs
\l__zhnum_scale_int=\count310
\l__zhnum_tmp_int=\count311

(d:/texlive/2026/texmf-dist/tex/latex/zhnumber/zhnumber-utf8.cfg
File: zhnumber-utf8.cfg 2022/07/14 v3.0 Chinese numerals with UTF8 encoding
))
\l__ctex_heading_skip=\skip59

(d:/texlive/2026/texmf-dist/tex/latex/ctex/scheme/ctex-scheme-plain-book.def
File: ctex-scheme-plain-book.def 2022/07/14 v2.5.10 Plain scheme for book (CTEX
)
)
(d:/texlive/2026/texmf-dist/tex/latex/ctex/ctex-cs4size.clo
File: ctex-cs4size.clo 2022/07/14 v2.5.10 cs4size option (CTEX)
)
(d:/texlive/2026/texmf-dist/tex/latex/ctex/fontset/ctex-fontset-windows.def
File: ctex-fontset-windows.def 2022/07/14 v2.5.10 Windows fonts definition (CTE
X)

Package fontspec Info: 
(fontspec)             Could not resolve font "KaiTi/B" (it probably doesn't
(fontspec)             exist).


Package fontspec Info: 
(fontspec)             Could not resolve font "SimHei/I" (it probably doesn't
(fontspec)             exist).


Package fontspec Info: 
(fontspec)             Could not resolve font "SimSun/BI" (it probably doesn't
(fontspec)             exist).


Package fontspec Info: 
(fontspec)             Font family 'SimSun(0)' created for font 'SimSun' with
(fontspec)             options
(fontspec)             [Script={CJK},BoldFont={SimHei},ItalicFont={KaiTi}].
(fontspec)              
(fontspec)              This font family consists of the following NFSS
(fontspec)             series/shapes:
(fontspec)              
(fontspec)             - 'normal' (m/n) with NFSS spec.:
(fontspec)             <->"SimSun/OT:script=hani;language=dflt;"
(fontspec)             - 'bold' (b/n) with NFSS spec.:
(fontspec)             <->"SimHei/OT:script=hani;language=dflt;"
(fontspec)             - 'italic' (m/it) with NFSS spec.:
(fontspec)             <->"KaiTi/OT:script=hani;language=dflt;"

))
(d:/texlive/2026/texmf-dist/tex/latex/ctex/config/ctex.cfg
File: ctex.cfg 2022/07/14 v2.5.10 Configuration file (CTEX)
)
(d:/texlive/2026/texmf-dist/tex/latex/etoolbox/etoolbox.sty
Package: etoolbox 2025/10/02 v2.5m e-TeX tools for LaTeX (JAW)
\etb@tempcnta=\count312
)
(d:/texlive/2026/texmf-dist/tex/generic/iftex/ifxetex.sty
Package: ifxetex 2019/10/25 v0.7 ifxetex legacy package. Use iftex instead.

(d:/texlive/2026/texmf-dist/tex/generic/iftex/iftex.sty
Package: iftex 2024/12/12 v1.0g TeX engine tests
))
(d:/texlive/2026/texmf-dist/tex/latex/amsmath/amsmath.sty
Package: amsmath 2025/07/09 v2.17z AMS math features
\@mathmargin=\skip60

For additional information on amsmath, use the `?' option.
(d:/texlive/2026/texmf-dist/tex/latex/amsmath/amstext.sty
Package: amstext 2024/11/17 v2.01 AMS text

(d:/texlive/2026/texmf-dist/tex/latex/amsmath/amsgen.sty
File: amsgen.sty 1999/11/30 v2.0 generic functions
\@emptytoks=\toks18
\ex@=\dimen182
))
(d:/texlive/2026/texmf-dist/tex/latex/amsmath/amsbsy.sty
Package: amsbsy 1999/11/29 v1.2d Bold Symbols
\pmbraise@=\dimen183
)
(d:/texlive/2026/texmf-dist/tex/latex/amsmath/amsopn.sty
Package: amsopn 2022/04/08 v2.04 operator names
)
\inf@bad=\count313
LaTeX Info: Redefining \frac on input line 233.
\uproot@=\count314
\leftroot@=\count315
LaTeX Info: Redefining \overline on input line 398.
LaTeX Info: Redefining \colon on input line 409.
\classnum@=\count316
\DOTSCASE@=\count317
LaTeX Info: Redefining \ldots on input line 495.
LaTeX Info: Redefining \dots on input line 498.
LaTeX Info: Redefining \cdots on input line 619.
\Mathstrutbox@=\box56
\strutbox@=\box57
LaTeX Info: Redefining \big on input line 721.
LaTeX Info: Redefining \Big on input line 722.
LaTeX Info: Redefining \bigg on input line 723.
LaTeX Info: Redefining \Bigg on input line 724.
\big@size=\dimen184
LaTeX Font Info:    Redeclaring font encoding OML on input line 742.
LaTeX Font Info:    Redeclaring font encoding OMS on input line 743.
\macc@depth=\count318
LaTeX Info: Redefining \bmod on input line 904.
LaTeX Info: Redefining \pmod on input line 909.
LaTeX Info: Redefining \smash on input line 939.
LaTeX Info: Redefining \relbar on input line 969.
LaTeX Info: Redefining \Relbar on input line 970.
\c@MaxMatrixCols=\count319
\dotsspace@=\muskip17
\c@parentequation=\count320
\dspbrk@lvl=\count321
\tag@help=\toks19
\row@=\count322
\column@=\count323
\maxfields@=\count324
\andhelp@=\toks20
\eqnshift@=\dimen185
\alignsep@=\dimen186
\tagshift@=\dimen187
\tagwidth@=\dimen188
\totwidth@=\dimen189
\lineht@=\dimen190
\@envbody=\toks21
\multlinegap=\skip61
\multlinetaggap=\skip62
\mathdisplay@stack=\toks22
LaTeX Info: Redefining \[ on input line 2950.
LaTeX Info: Redefining \] on input line 2951.
)
(d:/texlive/2026/texmf-dist/tex/latex/ntheorem/ntheorem.sty
Style `ntheorem', Version 1.33 <2011/08/15>
Package: ntheorem 2011/08/15 1.33
\theorem@style=\toks23
\theorem@@style=\toks24
\theorembodyfont=\toks25
\theoremnumbering=\toks26
\theorempreskipamount=\skip63
\theorempostskipamount=\skip64
\theoremframepreskipamount=\skip65
\theoremframepostskipamount=\skip66
\theoreminframepreskipamount=\skip67
\theoreminframepostskipamount=\skip68
\theorem@preskip=\toks27
\theorem@postskip=\toks28
\theorem@framepreskip=\toks29
\theorem@framepostskip=\toks30
\theorem@inframepreskip=\toks31
\theorem@inframepostskip=\toks32
\theoremindent=\dimen191
\theorem@indent=\dimen192
\theoremrightindent=\dimen193
\theorem@rightindent=\dimen194
\theoremheaderfont=\toks33
\theoremseparator=\toks34
\theoremprework=\toks35
\theorempostwork=\toks36
\theoremsymbol=\toks37
\qedsymbol=\toks38
\theoremkeyword=\toks39
\qedsymbol=\toks40
\thm@topsep=\skip69
\thm@topsepadd=\skip70
Package ntheorem Info: Option `thmmarks' loaded on input line 1175.
\c@endNonectr=\count325
\c@currNonectr=\count326
\mysavskip=\skip71
Package ntheorem Info: option `amsmath' handling for `thmmarks' loaded on input
 line 1175.
\thm@amstmpdepth=\dimen195
\tagwidth=\dimen196
) (d:/texlive/2026/texmf-dist/tex/latex/amsfonts/amssymb.sty
Package: amssymb 2013/01/14 v3.01 AMS font symbols

(d:/texlive/2026/texmf-dist/tex/latex/amsfonts/amsfonts.sty
Package: amsfonts 2013/01/14 v3.01 Basic AMSFonts support
\symAMSa=\mathgroup4
\symAMSb=\mathgroup5
LaTeX Font Info:    Redeclaring math symbol \hbar on input line 98.
LaTeX Font Info:    Overwriting math alphabet `\mathfrak' in version `bold'
(Font)                  U/euf/m/n --> U/euf/b/n on input line 106.
))
(d:/texlive/2026/texmf-dist/tex/latex/newtx/TeXGyreTermesX.fontspec)

Package fontspec Info: 
(fontspec)             Font family 'TeXGyreTermesX(0)' created for font
(fontspec)             'TeXGyreTermesX' with options [Ligatures=TeX,Extension
(fontspec)             = .otf,UprightFont = TeXGyreTermesX-Regular,BoldFont =
(fontspec)             TeXGyreTermesX-Bold,ItalicFont =
(fontspec)             TeXGyreTermesX-Italic,BoldItalicFont =
(fontspec)             TeXGyreTermesX-BoldItalic,SlantedFont =
(fontspec)             *-Slanted,BoldSlantedFont= *-BoldSlanted,UprightFont =
(fontspec)             *-Regular,BoldFont = *-Bold,ItalicFont =
(fontspec)             *-Italic,BoldItalicFont = *-BoldItalic,Extension =
(fontspec)             .otf].
(fontspec)              
(fontspec)              This font family consists of the following NFSS
(fontspec)             series/shapes:
(fontspec)              
(fontspec)             - 'normal' (m/n) with NFSS spec.:
(fontspec)             <->"[TeXGyreTermesX-Regular.otf]/OT:script=latn;language
=dflt;mapping=tex-text;"
(fontspec)             - 'small caps'  (m/sc) with NFSS spec.:
(fontspec)             <->"[TeXGyreTermesX-Regular.otf]/OT:script=latn;language
=dflt;+smcp;mapping=tex-text;"
(fontspec)             - 'bold' (b/n) with NFSS spec.:
(fontspec)             <->"[TeXGyreTermesX-Bold.otf]/OT:script=latn;language=df
lt;mapping=tex-text;"
(fontspec)             - 'bold small caps'  (b/sc) with NFSS spec.:
(fontspec)             <->"[TeXGyreTermesX-Bold.otf]/OT:script=latn;language=df
lt;+smcp;mapping=tex-text;"
(fontspec)             - 'italic' (m/it) with NFSS spec.:
(fontspec)             <->"[TeXGyreTermesX-Italic.otf]/OT:script=latn;language=
dflt;mapping=tex-text;"
(fontspec)             - 'italic small caps'  (m/scit) with NFSS spec.:
(fontspec)             <->"[TeXGyreTermesX-Italic.otf]/OT:script=latn;language=
dflt;+smcp;mapping=tex-text;"
(fontspec)             - 'slanted' (m/sl) with NFSS spec.:
(fontspec)             <->"[TeXGyreTermesX-Slanted.otf]/OT:script=latn;language
=dflt;mapping=tex-text;"
(fontspec)             - 'slanted small caps'  (m/scsl) with NFSS spec.:
(fontspec)             <->"[TeXGyreTermesX-Slanted.otf]/OT:script=latn;language
=dflt;+smcp;mapping=tex-text;"
(fontspec)             - 'bold italic' (b/it) with NFSS spec.:
(fontspec)             <->"[TeXGyreTermesX-BoldItalic.otf]/OT:script=latn;langu
age=dflt;mapping=tex-text;"
(fontspec)             - 'bold italic small caps'  (b/scit) with NFSS spec.:
(fontspec)             <->"[TeXGyreTermesX-BoldItalic.otf]/OT:script=latn;langu
age=dflt;+smcp;mapping=tex-text;"
(fontspec)             - 'bold slanted' (b/sl) with NFSS spec.:
(fontspec)             <->"[TeXGyreTermesX-BoldSlanted.otf]/OT:script=latn;lang
uage=dflt;mapping=tex-text;"
(fontspec)             - 'bold slanted small caps'  (b/scsl) with NFSS spec.:
(fontspec)             <->"[TeXGyreTermesX-BoldSlanted.otf]/OT:script=latn;lang
uage=dflt;+smcp;mapping=tex-text;"


Package fontspec Info: 
(fontspec)             Font family 'texgyreheros(0)' created for font
(fontspec)             'texgyreheros' with options [Ligatures=TeX,UprightFont
(fontspec)             = *-regular,BoldFont = *-bold,ItalicFont =
(fontspec)             *-italic,BoldItalicFont = *-bolditalic,Extension =
(fontspec)             .otf].
(fontspec)              
(fontspec)              This font family consists of the following NFSS
(fontspec)             series/shapes:
(fontspec)              
(fontspec)             - 'normal' (m/n) with NFSS spec.:
(fontspec)             <->"[texgyreheros-regular.otf]/OT:script=latn;language=d
flt;mapping=tex-text;"
(fontspec)             - 'small caps'  (m/sc) with NFSS spec.:
(fontspec)             <->"[texgyreheros-regular.otf]/OT:script=latn;language=d
flt;+smcp;mapping=tex-text;"
(fontspec)             - 'bold' (b/n) with NFSS spec.:
(fontspec)             <->"[texgyreheros-bold.otf]/OT:script=latn;language=dflt
;mapping=tex-text;"
(fontspec)             - 'bold small caps'  (b/sc) with NFSS spec.:
(fontspec)             <->"[texgyreheros-bold.otf]/OT:script=latn;language=dflt
;+smcp;mapping=tex-text;"
(fontspec)             - 'italic' (m/it) with NFSS spec.:
(fontspec)             <->"[texgyreheros-italic.otf]/OT:script=latn;language=df
lt;mapping=tex-text;"
(fontspec)             - 'italic small caps'  (m/scit) with NFSS spec.:
(fontspec)             <->"[texgyreheros-italic.otf]/OT:script=latn;language=df
lt;+smcp;mapping=tex-text;"
(fontspec)             - 'bold italic' (b/it) with NFSS spec.:
(fontspec)             <->"[texgyreheros-bolditalic.otf]/OT:script=latn;languag
e=dflt;mapping=tex-text;"
(fontspec)             - 'bold italic small caps'  (b/scit) with NFSS spec.:
(fontspec)             <->"[texgyreheros-bolditalic.otf]/OT:script=latn;languag
e=dflt;+smcp;mapping=tex-text;"


Package fontspec Info: 
(fontspec)             Font family 'texgyrecursor(0)' created for font
(fontspec)             'texgyrecursor' with options
(fontspec)             [WordSpace={1,0,0},HyphenChar=None,PunctuationSpace=Word
Space,UprightFont
(fontspec)             = *-regular,BoldFont = *-bold,ItalicFont =
(fontspec)             *-italic,BoldItalicFont = *-bolditalic,Extension =
(fontspec)             .otf].
(fontspec)              
(fontspec)              This font family consists of the following NFSS
(fontspec)             series/shapes:
(fontspec)              
(fontspec)             - 'normal' (m/n) with NFSS spec.:
(fontspec)             <->"[texgyrecursor-regular.otf]/OT:script=latn;language=
dflt;"
(fontspec)             - 'small caps'  (m/sc) with NFSS spec.:
(fontspec)             <->"[texgyrecursor-regular.otf]/OT:script=latn;language=
dflt;+smcp;"
(fontspec)             and font adjustment code:
(fontspec)             \fontdimen 2\font =1\fontdimen 2\font \fontdimen 3\font
(fontspec)             =0\fontdimen 3\font \fontdimen 4\font =0\fontdimen
(fontspec)             4\font \fontdimen 7\font =0\fontdimen 2\font
(fontspec)             \tex_hyphenchar:D \font =-1\scan_stop: 
(fontspec)             - 'bold' (b/n) with NFSS spec.:
(fontspec)             <->"[texgyrecursor-bold.otf]/OT:script=latn;language=dfl
t;"
(fontspec)             - 'bold small caps'  (b/sc) with NFSS spec.:
(fontspec)             <->"[texgyrecursor-bold.otf]/OT:script=latn;language=dfl
t;+smcp;"
(fontspec)             and font adjustment code:
(fontspec)             \fontdimen 2\font =1\fontdimen 2\font \fontdimen 3\font
(fontspec)             =0\fontdimen 3\font \fontdimen 4\font =0\fontdimen
(fontspec)             4\font \fontdimen 7\font =0\fontdimen 2\font
(fontspec)             \tex_hyphenchar:D \font =-1\scan_stop: 
(fontspec)             - 'italic' (m/it) with NFSS spec.:
(fontspec)             <->"[texgyrecursor-italic.otf]/OT:script=latn;language=d
flt;"
(fontspec)             - 'italic small caps'  (m/scit) with NFSS spec.:
(fontspec)             <->"[texgyrecursor-italic.otf]/OT:script=latn;language=d
flt;+smcp;"
(fontspec)             and font adjustment code:
(fontspec)             \fontdimen 2\font =1\fontdimen 2\font \fontdimen 3\font
(fontspec)             =0\fontdimen 3\font \fontdimen 4\font =0\fontdimen
(fontspec)             4\font \fontdimen 7\font =0\fontdimen 2\font
(fontspec)             \tex_hyphenchar:D \font =-1\scan_stop: 
(fontspec)             - 'bold italic' (b/it) with NFSS spec.:
(fontspec)             <->"[texgyrecursor-bolditalic.otf]/OT:script=latn;langua
ge=dflt;"
(fontspec)             - 'bold italic small caps'  (b/scit) with NFSS spec.:
(fontspec)             <->"[texgyrecursor-bolditalic.otf]/OT:script=latn;langua
ge=dflt;+smcp;"
(fontspec)             and font adjustment code:
(fontspec)             \fontdimen 2\font =1\fontdimen 2\font \fontdimen 3\font
(fontspec)             =0\fontdimen 3\font \fontdimen 4\font =0\fontdimen
(fontspec)             4\font \fontdimen 7\font =0\fontdimen 2\font
(fontspec)             \tex_hyphenchar:D \font =-1\scan_stop: 


(d:/texlive/2026/texmf-dist/tex/latex/newtx/newtxmath.sty
Package: newtxmath 2024/09/22 v1.754

`newtxmath' v1.754, 2024/09/22 Math macros based originally on txfonts (msharpe
) (d:/texlive/2026/texmf-dist/tex/latex/xkeyval/xkeyval.sty
Package: xkeyval 2025/11/04 v2.10 package option processing (HA)

(d:/texlive/2026/texmf-dist/tex/generic/xkeyval/xkeyval.tex
(d:/texlive/2026/texmf-dist/tex/generic/xkeyval/xkvutils.tex
\XKV@toks=\toks41
\XKV@tempa@toks=\toks42
\XKV@tempb@toks=\toks43
)
\XKV@depth=\count327
File: xkeyval.tex 2014/12/03 v2.7a key=value parser (HA)
))
(d:/texlive/2026/texmf-dist/tex/latex/oberdiek/centernot.sty
Package: centernot 2016/05/16 v1.4 Centers the not symbol horizontally (HO)
)
\tx@cntz=\count328

(d:/texlive/2026/texmf-dist/tex/generic/kastrup/binhex.tex)
\tx@Isdigit=\count329
\tx@IsAlNum=\count330
\tx@tA=\toks44
\tx@tB=\toks45
\tx@su=\read2

amsthm NOT loaded
LaTeX Font Info:    Redeclaring symbol font `operators' on input line 402.
LaTeX Font Info:    Overwriting symbol font `operators' in version `normal'
(Font)                  OT1/cmr/m/n --> OT1/ntxtlf/m/n on input line 402.
LaTeX Font Info:    Overwriting symbol font `operators' in version `bold'
(Font)                  OT1/cmr/bx/n --> OT1/ntxtlf/m/n on input line 402.
LaTeX Font Info:    Overwriting symbol font `operators' in version `bold'
(Font)                  OT1/ntxtlf/m/n --> OT1/ntxtlf/b/n on input line 403.
LaTeX Font Info:    Redeclaring math alphabet \mathsf on input line 410.
LaTeX Font Info:    Overwriting math alphabet `\mathsf' in version `normal'
(Font)                  OT1/cmss/m/n --> OT1/qhv/m/n on input line 410.
LaTeX Font Info:    Overwriting math alphabet `\mathsf' in version `bold'
(Font)                  OT1/cmss/bx/n --> OT1/qhv/m/n on input line 410.
LaTeX Font Info:    Overwriting math alphabet `\mathsf' in version `bold'
(Font)                  OT1/qhv/m/n --> OT1/qhv/b/n on input line 412.
LaTeX Font Info:    Redeclaring math alphabet \mathit on input line 419.
LaTeX Font Info:    Overwriting math alphabet `\mathit' in version `normal'
(Font)                  OT1/cmr/m/it --> OT1/ntxtlf/m/it on input line 419.
LaTeX Font Info:    Overwriting math alphabet `\mathit' in version `bold'
(Font)                  OT1/cmr/bx/it --> OT1/ntxtlf/m/it on input line 419.
LaTeX Font Info:    Redeclaring math alphabet \mathtt on input line 420.
LaTeX Font Info:    Overwriting math alphabet `\mathtt' in version `normal'
(Font)                  OT1/cmtt/m/n --> T1/ntxtt/m/n on input line 420.
LaTeX Font Info:    Overwriting math alphabet `\mathtt' in version `bold'
(Font)                  OT1/cmtt/m/n --> T1/ntxtt/m/n on input line 420.
LaTeX Font Info:    Redeclaring math alphabet \mathbf on input line 422.
LaTeX Font Info:    Overwriting math alphabet `\mathbf' in version `normal'
(Font)                  OT1/cmr/bx/n --> OT1/ntxtlf/b/n on input line 422.
LaTeX Font Info:    Overwriting math alphabet `\mathbf' in version `bold'
(Font)                  OT1/cmr/bx/n --> OT1/ntxtlf/b/n on input line 422.
LaTeX Font Info:    Overwriting math alphabet `\mathit' in version `bold'
(Font)                  OT1/ntxtlf/m/it --> OT1/ntxtlf/b/it on input line 423.
LaTeX Font Info:    Overwriting math alphabet `\mathtt' in version `bold'
(Font)                  T1/ntxtt/m/n --> T1/ntxtt/b/n on input line 426.
LaTeX Font Info:    Redeclaring symbol font `letters' on input line 534.
LaTeX Font Info:    Overwriting symbol font `letters' in version `normal'
(Font)                  OML/cmm/m/it --> OML/ntxmi/m/it on input line 534.
LaTeX Font Info:    Overwriting symbol font `letters' in version `bold'
(Font)                  OML/cmm/b/it --> OML/ntxmi/m/it on input line 534.
LaTeX Font Info:    Overwriting symbol font `letters' in version `bold'
(Font)                  OML/ntxmi/m/it --> OML/ntxmi/b/it on input line 535.
\symlettersA=\mathgroup6
LaTeX Font Info:    Overwriting symbol font `lettersA' in version `bold'
(Font)                  U/ntxmia/m/it --> U/ntxmia/b/it on input line 582.
LaTeX Font Info:    Redeclaring math alphabet \mathfrak on input line 584.
LaTeX Font Info:    Redeclaring symbol font `symbols' on input line 604.
LaTeX Font Info:    Encoding `OMS' has changed to `LMS' for symbol font
(Font)              `symbols' in the math version `normal' on input line 604.
LaTeX Font Info:    Overwriting symbol font `symbols' in version `normal'
(Font)                  OMS/cmsy/m/n --> LMS/ntxsy/m/n on input line 604.
LaTeX Font Info:    Encoding `OMS' has changed to `LMS' for symbol font
(Font)              `symbols' in the math version `bold' on input line 604.
LaTeX Font Info:    Overwriting symbol font `symbols' in version `bold'
(Font)                  OMS/cmsy/b/n --> LMS/ntxsy/m/n on input line 604.
LaTeX Font Info:    Overwriting symbol font `symbols' in version `bold'
(Font)                  LMS/ntxsy/m/n --> LMS/ntxsy/b/n on input line 605.
\symAMSm=\mathgroup7
LaTeX Font Info:    Overwriting symbol font `AMSm' in version `bold'
(Font)                  U/ntxsym/m/n --> U/ntxsym/b/n on input line 630.
\symsymbolsC=\mathgroup8
LaTeX Font Info:    Overwriting symbol font `symbolsC' in version `bold'
(Font)                  U/ntxsyc/m/n --> U/ntxsyc/b/n on input line 651.
LaTeX Font Info:    Redeclaring symbol font `largesymbols' on input line 664.
LaTeX Font Info:    Encoding `OMX' has changed to `LMX' for symbol font
(Font)              `largesymbols' in the math version `normal' on input line 6
64.
LaTeX Font Info:    Overwriting symbol font `largesymbols' in version `normal'
(Font)                  OMX/cmex/m/n --> LMX/ntxexx/m/n on input line 664.
LaTeX Font Info:    Encoding `OMX' has changed to `LMX' for symbol font
(Font)              `largesymbols' in the math version `bold' on input line 664
.
LaTeX Font Info:    Overwriting symbol font `largesymbols' in version `bold'
(Font)                  OMX/cmex/m/n --> LMX/ntxexx/m/n on input line 664.
LaTeX Font Info:    Overwriting symbol font `largesymbols' in version `bold'
(Font)                  LMX/ntxexx/m/n --> LMX/ntxexx/b/n on input line 665.
\symlargesymbolsTXA=\mathgroup9
LaTeX Font Info:    Overwriting symbol font `largesymbolsTXA' in version `bold'

(Font)                  U/ntxexa/m/n --> U/ntxexa/b/n on input line 679.
\tx@sbptoks=\toks46
LaTeX Font Info:    Redeclaring math delimiter \lfloor on input line 902.
LaTeX Font Info:    Redeclaring math delimiter \rfloor on input line 903.
LaTeX Font Info:    Redeclaring math delimiter \lceil on input line 904.
LaTeX Font Info:    Redeclaring math delimiter \rceil on input line 905.
LaTeX Font Info:    Redeclaring math delimiter \lbrace on input line 910.
LaTeX Font Info:    Redeclaring math delimiter \rbrace on input line 911.
LaTeX Font Info:    Redeclaring math delimiter \langle on input line 913.
LaTeX Font Info:    Redeclaring math delimiter \rangle on input line 915.
LaTeX Font Info:    Redeclaring math delimiter \arrowvert on input line 919.
LaTeX Font Info:    Redeclaring math delimiter \vert on input line 920.
LaTeX Font Info:    Redeclaring math accent \dot on input line 991.
LaTeX Font Info:    Redeclaring math accent \ddot on input line 992.
LaTeX Font Info:    Redeclaring math accent \vec on input line 2057.
LaTeX Info: Redefining \Bbbk on input line 2847.
LaTeX Info: Redefining \not on input line 2995.
) (d:/texlive/2026/texmf-dist/tex/latex/graphics/graphicx.sty
Package: graphicx 2024/12/31 v1.2e Enhanced LaTeX Graphics (DPC,SPQR)

(d:/texlive/2026/texmf-dist/tex/latex/graphics/graphics.sty
Package: graphics 2024/08/06 v1.4g Standard LaTeX Graphics (DPC,SPQR)

(d:/texlive/2026/texmf-dist/tex/latex/graphics/trig.sty
Package: trig 2023/12/02 v1.11 sin cos tan (DPC)
)
(d:/texlive/2026/texmf-dist/tex/latex/graphics-cfg/graphics.cfg
File: graphics.cfg 2016/06/04 v1.11 sample graphics configuration
)
Package graphics Info: Driver file: xetex.def on input line 106.

(d:/texlive/2026/texmf-dist/tex/latex/graphics-def/xetex.def
File: xetex.def 2025/11/01 v5.0p Graphics/color driver for xetex
))
\Gin@req@height=\dimen197
\Gin@req@width=\dimen198
)
(d:/texlive/2026/texmf-dist/tex/latex/pdfpages/pdfpages.sty
Package: pdfpages 2025/07/23 v0.6g Insert pages of external PDF documents (AM)

(d:/texlive/2026/texmf-dist/tex/latex/tools/calc.sty
Package: calc 2025/03/01 v4.3b Infix arithmetic (KKT,FJ)
\calc@Acount=\count331
\calc@Bcount=\count332
\calc@Adimen=\dimen199
\calc@Bdimen=\dimen256
\calc@Askip=\skip72
\calc@Bskip=\skip73
LaTeX Info: Redefining \setlength on input line 86.
LaTeX Info: Redefining \addtolength on input line 87.
\calc@Ccount=\count333
\calc@Cskip=\skip74
)
(d:/texlive/2026/texmf-dist/tex/latex/eso-pic/eso-pic.sty
Package: eso-pic 2025/12/10 v3.0d eso-pic (RN)
\ESO@tempdima=\dimen257
\ESO@tempdimb=\dimen258

(d:/texlive/2026/texmf-dist/tex/latex/xcolor/xcolor.sty
Package: xcolor 2024/09/29 v3.02 LaTeX color extensions (UK)

(d:/texlive/2026/texmf-dist/tex/latex/graphics-cfg/color.cfg
File: color.cfg 2016/01/02 v1.6 sample color configuration
)
Package xcolor Info: Driver file: xetex.def on input line 274.

(d:/texlive/2026/texmf-dist/tex/latex/graphics/mathcolor.ltx)
Package xcolor Info: Model `cmy' substituted by `cmy0' on input line 1349.
Package xcolor Info: Model `RGB' extended on input line 1365.
Package xcolor Info: Model `HTML' substituted by `rgb' on input line 1367.
Package xcolor Info: Model `Hsb' substituted by `hsb' on input line 1368.
Package xcolor Info: Model `tHsb' substituted by `hsb' on input line 1369.
Package xcolor Info: Model `HSB' substituted by `hsb' on input line 1370.
Package xcolor Info: Model `Gray' substituted by `gray' on input line 1371.
Package xcolor Info: Model `wave' substituted by `hsb' on input line 1372.
))
\AM@pagewidth=\dimen259
\AM@pageheight=\dimen260
\AM@fboxrule=\dimen261

(d:/texlive/2026/texmf-dist/tex/latex/pdfpages/ppxetex.def
File: ppxetex.def 2025/07/23 v0.6g Pdfpages driver for XeTeX (AM)
)
\pdfpages@includegraphics@status=\count334
\AM@pagebox=\box58
\AM@global@opts=\toks47
\AM@pagecnt=\count335
\AM@toc@title=\toks48
\AM@lof@heading=\toks49
\c@AM@survey=\count336
\AM@templatesizebox=\box59
)
(d:/texlive/2026/texmf-dist/tex/latex/enumitem/enumitem.sty
Package: enumitem 2025/02/06 v3.11 Customized lists
\labelindent=\skip75
\enit@outerparindent=\dimen262
\enit@toks=\toks50
\enit@inbox=\box60
\enit@count@id=\count337
\enitdp@description=\count338
)
(d:/texlive/2026/texmf-dist/tex/latex/environ/environ.sty
Package: environ 2014/05/04 v0.3 A new way to define environments

(d:/texlive/2026/texmf-dist/tex/latex/trimspaces/trimspaces.sty
Package: trimspaces 2009/09/17 v1.1 Trim spaces around a token list
))
(d:/texlive/2026/texmf-dist/tex/latex/footmisc/footmisc.sty
Package: footmisc 2025/05/09 v7.0b a miscellany of footnote facilities
\FN@temptoken=\toks51
\footnotemargin=\dimen263

(d:/texlive/2026/texmf-dist/tex/latex/bigfoot/perpage.sty
Package: perpage 2014/10/25 2.0 Reset/sort counters per page
\c@abspage=\count339
)
\c@pp@a@footnote=\count340
Package footmisc Info: Declaring symbol style bringhurst on input line 549.
Package footmisc Info: Declaring symbol style chicago on input line 557.
Package footmisc Info: Declaring symbol style wiley on input line 566.
Package footmisc Info: Declaring symbol style lamport-robust on input line 577.

Package footmisc Info: Declaring symbol style lamport* on input line 597.
Package footmisc Info: Declaring symbol style lamport*-robust on input line 618
.
)
(d:/texlive/2026/texmf-dist/tex/xelatex/xecjk/xeCJKfntef.sty
Package: xeCJKfntef 2022/08/05 v3.9.1 xeCJK font effect

(d:/texlive/2026/texmf-dist/tex/generic/ulem/ulem.sty
\UL@box=\box61
\UL@hyphenbox=\box62
\UL@skip=\skip76
\UL@hook=\toks52
\UL@height=\dimen264
\UL@pe=\count341
\UL@pixel=\dimen265
\ULC@box=\box63
Package: ulem 2019/11/18
\ULdepth=\dimen266
)
\l__xeCJK_space_skip=\skip77
\c__xeCJK_ulem-begin_node_dim=\dimen267
\l__xeCJK_hidden_box=\box64
\l__xeCJK_fntef_box=\box65
\l__xeCJK_under_symbol_box=\box66
\c__xeCJK_filll_skip=\skip78
)
(d:/texlive/2026/texmf-dist/tex/latex/tools/longtable.sty
Package: longtable 2025-10-13 v4.24 Multi-page Table package (DPC)
\LTleft=\skip79
\LTright=\skip80
\LTpre=\skip81
\LTpost=\skip82
\LTchunksize=\count342
\LTcapwidth=\dimen268
\LT@head=\box67
\LT@firsthead=\box68
\LT@foot=\box69
\LT@lastfoot=\box70
\LT@gbox=\box71
\LT@cols=\count343
\LT@rows=\count344
\c@LT@tables=\count345
\c@LT@chunks=\count346
\LT@p@ftn=\toks53
)
(d:/texlive/2026/texmf-dist/tex/latex/booktabs/booktabs.sty
Package: booktabs 2020/01/12 v1.61803398 Publication quality tables
\heavyrulewidth=\dimen269
\lightrulewidth=\dimen270
\cmidrulewidth=\dimen271
\belowrulesep=\dimen272
\belowbottomsep=\dimen273
\aboverulesep=\dimen274
\abovetopsep=\dimen275
\cmidrulesep=\dimen276
\cmidrulekern=\dimen277
\defaultaddspace=\dimen278
\@cmidla=\count347
\@cmidlb=\count348
\@aboverulesep=\dimen279
\@belowrulesep=\dimen280
\@thisruleclass=\count349
\@lastruleclass=\count350
\@thisrulewidth=\dimen281
)
(d:/texlive/2026/texmf-dist/tex/latex/hyperref/hyperref.sty
Package: hyperref 2026-01-29 v7.01p Hypertext links for LaTeX

(d:/texlive/2026/texmf-dist/tex/generic/kvdefinekeys/kvdefinekeys.sty
Package: kvdefinekeys 2019-12-19 v1.6 Define keys (HO)
)
(d:/texlive/2026/texmf-dist/tex/generic/pdfescape/pdfescape.sty
Package: pdfescape 2019/12/09 v1.15 Implements pdfTeX's escape features (HO)

(d:/texlive/2026/texmf-dist/tex/generic/pdftexcmds/pdftexcmds.sty
Package: pdftexcmds 2020-06-27 v0.33 Utility functions of pdfTeX for LuaTeX (HO
)

(d:/texlive/2026/texmf-dist/tex/generic/infwarerr/infwarerr.sty
Package: infwarerr 2019/12/03 v1.5 Providing info/warning/error messages (HO)
)
Package pdftexcmds Info: \pdf@primitive is available.
Package pdftexcmds Info: \pdf@ifprimitive is available.
Package pdftexcmds Info: \pdfdraftmode not found.
))
(d:/texlive/2026/texmf-dist/tex/latex/hycolor/hycolor.sty
Package: hycolor 2020-01-27 v1.10 Color options for hyperref/bookmark (HO)
)
(d:/texlive/2026/texmf-dist/tex/latex/hyperref/nameref.sty
Package: nameref 2026-01-29 v2.58 Cross-referencing by name of section

(d:/texlive/2026/texmf-dist/tex/latex/refcount/refcount.sty
Package: refcount 2019/12/15 v3.6 Data extraction from label references (HO)
)
(d:/texlive/2026/texmf-dist/tex/generic/gettitlestring/gettitlestring.sty
Package: gettitlestring 2019/12/15 v1.6 Cleanup title references (HO)
)
\c@section@level=\count351
)
(d:/texlive/2026/texmf-dist/tex/generic/stringenc/stringenc.sty
Package: stringenc 2019/11/29 v1.12 Convert strings between diff. encodings (HO
)
)
\@linkdim=\dimen282
\Hy@linkcounter=\count352
\Hy@pagecounter=\count353

(d:/texlive/2026/texmf-dist/tex/latex/hyperref/pd1enc.def
File: pd1enc.def 2026-01-29 v7.01p Hyperref: PDFDocEncoding definition (HO)
)
(d:/texlive/2026/texmf-dist/tex/generic/intcalc/intcalc.sty
Package: intcalc 2019/12/15 v1.3 Expandable calculations with integers (HO)
)
\Hy@SavedSpaceFactor=\count354

(d:/texlive/2026/texmf-dist/tex/latex/hyperref/puenc.def
File: puenc.def 2026-01-29 v7.01p Hyperref: PDF Unicode definition (HO)
)
Package hyperref Info: Option `unicode' set `true' on input line 4072.
Package hyperref Info: Hyper figures OFF on input line 4201.
Package hyperref Info: Link nesting OFF on input line 4206.
Package hyperref Info: Hyper index ON on input line 4209.
Package hyperref Info: Plain pages OFF on input line 4216.
Package hyperref Info: Backreferencing OFF on input line 4221.
Package hyperref Info: Implicit mode ON; LaTeX internals redefined.
Package hyperref Info: Bookmarks ON on input line 4468.
\c@Hy@tempcnt=\count355

(d:/texlive/2026/texmf-dist/tex/latex/url/url.sty
\Urlmuskip=\muskip18
Package: url 2013/09/16  ver 3.4  Verb mode for urls, etc.
)
LaTeX Info: Redefining \url on input line 4807.
\XeTeXLinkMargin=\dimen283

(d:/texlive/2026/texmf-dist/tex/generic/bitset/bitset.sty
Package: bitset 2019/12/09 v1.3 Handle bit-vector datatype (HO)

(d:/texlive/2026/texmf-dist/tex/generic/bigintcalc/bigintcalc.sty
Package: bigintcalc 2019/12/15 v1.5 Expandable calculations on big integers (HO
)
))
\Fld@menulength=\count356
\Field@Width=\dimen284
\Fld@charsize=\dimen285
Package hyperref Info: Hyper figures OFF on input line 6084.
Package hyperref Info: Link nesting OFF on input line 6089.
Package hyperref Info: Hyper index ON on input line 6092.
Package hyperref Info: backreferencing OFF on input line 6099.
Package hyperref Info: Link coloring OFF on input line 6104.
Package hyperref Info: Link coloring with OCG OFF on input line 6109.
Package hyperref Info: PDF/A mode OFF on input line 6114.
\Hy@abspage=\count357
\c@Item=\count358
\c@Hfootnote=\count359
)
Package hyperref Info: Driver (autodetected): hxetex.

(d:/texlive/2026/texmf-dist/tex/latex/hyperref/hxetex.def
File: hxetex.def 2026-01-29 v7.01p Hyperref driver for XeTeX
\pdfm@box=\box72
\c@Hy@AnnotLevel=\count360
\HyField@AnnotCount=\count361
\Fld@listcount=\count362
\c@bookmark@seq@number=\count363

(d:/texlive/2026/texmf-dist/tex/latex/rerunfilecheck/rerunfilecheck.sty
Package: rerunfilecheck 2025-06-21 v1.11 Rerun checks for auxiliary files (HO)

(d:/texlive/2026/texmf-dist/tex/generic/uniquecounter/uniquecounter.sty
Package: uniquecounter 2019/12/15 v1.4 Provide unlimited unique counter (HO)
)
Package uniquecounter Info: New unique counter `rerunfilecheck' on input line 2
84.
)
\Hy@SectionHShift=\skip83
)
Package hyperref Info: Option `CJKbookmarks' set `true' on input line 283.
Package hyperref Info: Option `bookmarksnumbered' set `true' on input line 283.

Package hyperref Info: Option `bookmarksopen' set `true' on input line 283.
Package hyperref Info: Option `breaklinks' set `true' on input line 283.
Package hyperref Info: Option `colorlinks' set `false' on input line 283.
Package hyperref Info: Option `plainpages' set `false' on input line 283.

(d:/texlive/2026/texmf-dist/tex/latex/gbt7714/gbt7714.sty
Package: gbt7714 2026/01/15 v2.1.9 GB/T 7714 BibTeX Style

(d:/texlive/2026/texmf-dist/tex/latex/natbib/natbib.sty
Package: natbib 2010/09/13 8.31b (PWD, AO)
\bibhang=\skip84
\bibsep=\skip85
LaTeX Info: Redefining \cite on input line 694.
\c@NAT@ctr=\count364
))
(d:/texlive/2026/texmf-dist/tex/latex/geometry/geometry.sty
Package: geometry 2020/01/02 v5.9 Page Geometry

(d:/texlive/2026/texmf-dist/tex/generic/iftex/ifvtex.sty
Package: ifvtex 2019/10/25 v1.7 ifvtex legacy package. Use iftex instead.
)
\Gm@cnth=\count365
\Gm@cntv=\count366
\c@Gm@tempcnt=\count367
\Gm@bindingoffset=\dimen286
\Gm@wd@mp=\dimen287
\Gm@odd@mp=\dimen288
\Gm@even@mp=\dimen289
\Gm@layoutwidth=\dimen290
\Gm@layoutheight=\dimen291
\Gm@layouthoffset=\dimen292
\Gm@layoutvoffset=\dimen293
\Gm@dimlist=\toks54
)
(d:/texlive/2026/texmf-dist/tex/latex/fancyhdr/fancyhdr.sty
Package: fancyhdr 2025/02/07 v5.2 Extensive control of page headers and footers

\f@nch@headwidth=\skip86
\f@nch@offset@elh=\skip87
\f@nch@offset@erh=\skip88
\f@nch@offset@olh=\skip89
\f@nch@offset@orh=\skip90
\f@nch@offset@elf=\skip91
\f@nch@offset@erf=\skip92
\f@nch@offset@olf=\skip93
\f@nch@offset@orf=\skip94
\f@nch@height=\skip95
\f@nch@footalignment=\skip96
\f@nch@widthL=\skip97
\f@nch@widthC=\skip98
\f@nch@widthR=\skip99
\@temptokenb=\toks55
)
(d:/texlive/2026/texmf-dist/tex/latex/tools/tabularx.sty
Package: tabularx 2023/12/11 v2.12a `tabularx' package (DPC)

(d:/texlive/2026/texmf-dist/tex/latex/tools/array.sty
Package: array 2025/09/25 v2.6n Tabular extension package (FMi)
\col@sep=\dimen294
\ar@mcellbox=\box73
\extrarowheight=\dimen295
\NC@list=\toks56
\extratabsurround=\skip100
\backup@length=\skip101
\ar@cellbox=\box74
)
\TX@col@width=\dimen296
\TX@old@table=\dimen297
\TX@old@col=\dimen298
\TX@target=\dimen299
\TX@delta=\dimen300
\TX@cols=\count368
\TX@ftn=\toks57
)
(d:/texlive/2026/texmf-dist/tex/latex/varwidth/varwidth.sty
Package: varwidth 2009/03/30 ver 0.92;  Variable-width minipages
\@vwid@box=\box75
\sift@deathcycles=\count369
\@vwid@loff=\dimen301
\@vwid@roff=\dimen302
)
==> First Aid for varwidth.sty applied!
(d:/texlive/2026/texmf-dist/tex/latex/changepage/changepage.sty
Package: changepage 2009/10/20 v1.0c check page and change page layout
\c@cp@cntr=\count370
\cp@tempcnt=\count371
)
(d:/texlive/2026/texmf-dist/tex/latex/tools/multicol.sty
Package: multicol 2025/10/21 v2.0b multicolumn formatting (FMi)
\c@tracingmulticols=\count372
\mult@box=\box76
\multicol@leftmargin=\dimen303
\c@unbalance=\count373
\c@collectmore=\count374
\doublecol@number=\count375
\multicoltolerance=\count376
\multicolpretolerance=\count377
\full@width=\dimen304
\page@free=\dimen305
\premulticols=\dimen306
\postmulticols=\dimen307
\multicolsep=\skip102
\multicolbaselineskip=\skip103
\partial@page=\box77
\last@line=\box78
\mc@boxedresult=\box79
\maxbalancingoverflow=\dimen308
\mult@rightbox=\box80
\mult@grightbox=\box81
\mult@firstbox=\box82
\mult@gfirstbox=\box83
\@tempa=\box84
\@tempa=\box85
\@tempa=\box86
\@tempa=\box87
\@tempa=\box88
\@tempa=\box89
\@tempa=\box90
\@tempa=\box91
\@tempa=\box92
\@tempa=\box93
\@tempa=\box94
\@tempa=\box95
\@tempa=\box96
\@tempa=\box97
\@tempa=\box98
\@tempa=\box99
\@tempa=\box100
\@tempa=\box101
\@tempa=\box102
\@tempa=\box103
\@tempa=\box104
\@tempa=\box105
\@tempa=\box106
\@tempa=\box107
\@tempa=\box108
\@tempa=\box109
\@tempa=\box110
\@tempa=\box111
\@tempa=\box112
\@tempa=\box113
\@tempa=\box114
\@tempa=\box115
\@tempa=\box116
\@tempa=\box117
\@tempa=\box118
\@tempa=\box119
\c@minrows=\count378
\c@columnbadness=\count379
\c@finalcolumnbadness=\count380
\last@try=\dimen309
\multicolovershoot=\dimen310
\multicolundershoot=\dimen311
\mult@nat@firstbox=\box120
\colbreak@box=\box121
\mc@col@check@num=\count381
\g__mc_curr_col_int=\count382
)
(d:/texlive/2026/texmf-dist/tex/latex/placeins/placeins.sty
Package: placeins 2005/04/18  v 2.2
)
(d:/texlive/2026/texmf-dist/tex/latex/base/flafter.sty
Package: flafter 2025/08/22 v1.4z Standard LaTeX floats after reference (FMi)
Applying: [2025/06/01] float order in 2-column on input line 49.
Already applied: [2015/01/01] float order in 2-column on input line 152.
Already applied: [0000/00/00] float order in 2-column on input line 254.
)
(d:/texlive/2026/texmf-dist/tex/latex/multirow/multirow.sty
Package: multirow 2024/11/12 v2.9 Span multiple rows of a table
\multirow@colwidth=\skip104
\multirow@cntb=\count383
\multirow@dima=\skip105
\bigstrutjot=\dimen312
)
(d:/texlive/2026/texmf-dist/tex/latex/subfigure/subfigure.sty
Package: subfigure 2002/03/15 v2.1.5 subfigure package
\subfigtopskip=\skip106
\subfigcapskip=\skip107
\subfigcaptopadj=\dimen313
\subfigbottomskip=\skip108
\subfigcapmargin=\dimen314
\subfiglabelskip=\skip109
\c@subfigure=\count384
\c@lofdepth=\count385
\c@subtable=\count386
\c@lotdepth=\count387

****************************************
* Local config file subfigure.cfg used *
****************************************
(d:/texlive/2026/texmf-dist/tex/latex/subfigure/subfigure.cfg)
\subfig@top=\skip110
\subfig@bottom=\skip111
)
(d:/texlive/2026/texmf-dist/tex/latex/ccaption/ccaption.sty
Package: ccaption 2011/08/07 v3.2c Extended captioning and new floats
\@contcwidth=\skip112
\@contindw=\skip113
\abovelegendskip=\skip114
\belowlegendskip=\skip115
\c@@contsubnum=\count388
\c@newflo@tctr=\count389
)
(d:/texlive/2026/texmf-dist/tex/latex/splitindex/splitidx.sty
Package: splitidx 2016/02/18 v1.2c multiple indices for LaTeX
)
\@indexfile=\write3
\openout3 = `thesis.idx'.


Writing index file thesis.idx
Using splitted index at thesis.idx
(d:/texlive/2026/texmf-dist/tex/latex/glossaries/base/glossaries.sty
Package: glossaries 2025/11/09 v4.9 (NLCT)

(d:/texlive/2026/texmf-dist/tex/latex/mfirstuc/mfirstuc.sty
Package: mfirstuc 2025/04/03 v2.09 (NLCT)
\@glsmfirst=\toks58
\@glsmrest=\toks59
)
(d:/texlive/2026/texmf-dist/tex/latex/xfor/xfor.sty
Package: xfor 2009/02/05 v1.05 (NLCT)
)
(d:/texlive/2026/texmf-dist/tex/latex/datatool/datatool-base.sty
Package: datatool-base 2025/12/04 v3.4.3 (NLCT)

(d:/texlive/2026/texmf-dist/tex/latex/tracklang/tracklang.sty
Package: tracklang 2025/03/11 v1.6.6 (NLCT) Track Languages

(d:/texlive/2026/texmf-dist/tex/generic/tracklang/tracklang.tex))
\l__datatool_tmpa_int=\count390
\l__datatool_tmpb_int=\count391
\l__datatool_tmpc_int=\count392
\l__datatool_tmpd_int=\count393
\l__datatool_count_int=\count394
\l__datatool_tmp_datatype_int=\count395
\l__datatool_tmpa_dim=\dimen315
\l__datatool_tmpb_dim=\dimen316

(d:/texlive/2026/texmf-dist/tex/latex/datatool/datatool-l3fp.def
File: datatool-l3fp.def 2025/12/04 v3.4.3 (NLCT)
)
\@dtl@toks=\toks60
\@dtl@tmpcount=\count396
\dtl@tmplength=\skip116
\l__datatool_measure_box=\box122
\dtl@sortresult=\count397

(d:/texlive/2026/texmf-dist/tex/latex/datatool/datatool-utf8.ldf
File: datatool-utf8.ldf 2025/12/04 v3.4.3 (NLCT)
)
\@dtl@datatype=\count398
\c_datatool_unknown_int=\count399
\l__datatool_year_int=\count400
\l__datatool_month_int=\count401
\l__datatool_day_int=\count402
\l__datatool_hour_int=\count403
\l__datatool_minute_int=\count404
\l__datatool_second_int=\count405
\l__datatool_tzhour_int=\count406
\l__datatool_tzminute_int=\count407
\l__datatool_julian_int=\count408
\l__datatool_local_julian_int=\count409
\l__datatool_prefix_int=\count410
\l__datatool_suffix_int=\count411
\@dtl@foreach@level=\count412
\dtl@codeA=\count413
\dtl@codeB=\count414
)
\gls@level=\count415
\@gls@tmpb=\toks61
\gls@tmplen=\skip117
\l__glossaries_tmpa_dim=\dimen317
\l__glossaries_tmpb_dim=\dimen318
\glskeylisttok=\toks62
\glslabeltok=\toks63
\glsshorttok=\toks64
\glslongtok=\toks65

(d:/texlive/2026/texmf-dist/tex/latex/glossaries/styles/glossary-hypernav.sty
Package: glossary-hypernav 2025/11/09 v4.9 (NLCT)
)
(d:/texlive/2026/texmf-dist/tex/latex/glossaries/styles/glossary-list.sty
Package: glossary-list 2025/11/09 v4.9 (NLCT)
\glslistdottedwidth=\skip118
)
(d:/texlive/2026/texmf-dist/tex/latex/glossaries/styles/glossary-long.sty
Package: glossary-long 2025/11/09 v4.9 (NLCT)
\glsdescwidth=\skip119
\glspagelistwidth=\skip120
)
(d:/texlive/2026/texmf-dist/tex/latex/glossaries/styles/glossary-super.sty
Package: glossary-super 2025/11/09 v4.9 (NLCT)

(d:/texlive/2026/texmf-dist/tex/latex/supertabular/supertabular.sty
Package: supertabular 2025/06/26 v4.2d the supertabular environment
\c@tracingst=\count416
\ST@wd=\dimen319
\ST@rightskip=\skip121
\ST@leftskip=\skip122
\ST@parfillskip=\skip123
\ST@pageleft=\dimen320
\ST@headht=\dimen321
\ST@tailht=\dimen322
\ST@pagesofar=\dimen323
\ST@pboxht=\dimen324
\ST@rowht=\dimen325
\ST@prevht=\dimen326
\ST@toadd=\dimen327
\ST@dimen=\dimen328
\ST@pbox=\box123
))
(d:/texlive/2026/texmf-dist/tex/latex/glossaries/styles/glossary-tree.sty
Package: glossary-tree 2025/11/09 v4.9 (NLCT)
\l__glossaries_tree_max_known_level_int=\count417
\l__glossaries_tree_offset_dim=\dimen329
\l__glossaries_tree_namewidth_dim=\dimen330
\l__glossaries_tree_symbolwidth_dim=\dimen331
\l__glossaries_tree_prenamesym_width_dim=\dimen332
\l__glossaries_tree_presubnamesym_width_dim=\dimen333
\l__glossaries_tree_namewidth_padding_dim=\dimen334
\l__glossaries_tree_symbolwidth_padding_dim=\dimen335
\l__glossaries_tree_namesymbolwidth_dim=\dimen336
\l__glossaries_tree_namesymbolwidth_padding_dim=\dimen337
\l__glossaries_tree_level_int=\count418
\glstreeindent=\skip124
))
\glswrite=\write4
\glo@main@file=\write5
\openout5 = `thesis.glo'.

Package glossaries Info: Writing glossary file thesis.glo on input line 384.
\hit@pagenumber@sep=\skip125
\c@pubctr=\count419
\hit@title@width=\skip126
\hit@ctitleonelength=\skip127
\hit@ctitletwolength=\skip128
\hit@schoolname@nddate=\skip129
\hit@etitlelength=\skip130
\hit@kw=\box124
\c@translationbibi=\count420
\enitdp@translationbib=\count421
\enitdp@idxwordlist=\count422
)
(./hithesisbook.cfg
File: hithesisbook.cfg 0000/00/00 v3.1e Harbin Institute of Technology Thesis T
emplate
\c@currproofctr=\count423
\c@endproofctr=\count424
\c@proof=\count425
\c@currassumptionctr=\count426
\c@endassumptionctr=\count427
\c@assumption=\count428
\c@currdefinitionctr=\count429
\c@enddefinitionctr=\count430
\c@definition=\count431
\c@currpropositionctr=\count432
\c@endpropositionctr=\count433
\c@proposition=\count434
\c@currlemmactr=\count435
\c@endlemmactr=\count436
\c@lemma=\count437
\c@currtheoremctr=\count438
\c@endtheoremctr=\count439
\c@theorem=\count440
\c@curraxiomctr=\count441
\c@endaxiomctr=\count442
\c@axiom=\count443
\c@currcorollaryctr=\count444
\c@endcorollaryctr=\count445
\c@corollary=\count446
\c@currexercisectr=\count447
\c@endexercisectr=\count448
\c@exercise=\count449
\c@currexamplectr=\count450
\c@endexamplectr=\count451
\c@example=\count452
\c@currremarkctr=\count453
\c@endremarkctr=\count454
\c@remark=\count455
\c@currproblemctr=\count456
\c@endproblemctr=\count457
\c@problem=\count458
\c@currconjecturectr=\count459
\c@endconjecturectr=\count460
\c@conjecture=\count461
\c@currfactctr=\count462
\c@endfactctr=\count463
\c@fact=\count464
) (./hithesis.sty
Package: hithesis 0000/00/00 v3.1e Harbin Institute of Technology Thesis Templa
te

(d:/texlive/2026/texmf-dist/tex/latex/siunitx/siunitx.sty
Package: siunitx 2025-07-09 v3.4.14 A comprehensive (SI) units package
\l__siunitx_number_uncert_offset_int=\count465
\l__siunitx_number_exponent_fixed_int=\count466
\l__siunitx_number_min_decimal_int=\count467
\l__siunitx_number_min_integer_int=\count468
\l__siunitx_number_round_precision_int=\count469
\l__siunitx_number_lower_threshold_int=\count470
\l__siunitx_number_upper_threshold_int=\count471
\l__siunitx_number_group_first_int=\count472
\l__siunitx_number_group_size_int=\count473
\l__siunitx_number_group_minimum_int=\count474
\l__siunitx_angle_tmp_dim=\dimen338
\l__siunitx_angle_marker_box=\box125
\l__siunitx_angle_unit_box=\box126
\l__siunitx_compound_count_int=\count475

(d:/texlive/2026/texmf-dist/tex/latex/translations/translations.sty
Package: translations 2022/02/05 v1.12 internationalization of LaTeX2e packages
 (CN)
)
\l__siunitx_table_tmp_box=\box127
\l__siunitx_table_tmp_dim=\dimen339
\l__siunitx_table_column_width_dim=\dimen340
\l__siunitx_table_integer_box=\box128
\l__siunitx_table_decimal_box=\box129
\l__siunitx_table_uncert_box=\box130
\l__siunitx_table_before_box=\box131
\l__siunitx_table_after_box=\box132
\l__siunitx_table_before_dim=\dimen341
\l__siunitx_table_carry_dim=\dimen342
\l__siunitx_unit_tmp_int=\count476
\l__siunitx_unit_position_int=\count477
\l__siunitx_unit_total_int=\count478
)

Package siunitx Info: Option "detect-weight" has been deprecated in this
(siunitx)             release.
(siunitx)             
(siunitx)             Use "reset-text-series = false, text-series-to-math =
(siunitx)             true" as a replacement.


Package siunitx Info: Option "detect-mode" has been deprecated in this
(siunitx)             release.
(siunitx)             
(siunitx)             Use "mode = match" as a replacement.


Package siunitx Info: Option "detect-family" has been deprecated in this
(siunitx)             release.
(siunitx)             
(siunitx)             Use "reset-text-family = false, text-family-to-math =
(siunitx)             true" as a replacement.


(d:/texlive/2026/texmf-dist/tex/latex/tools/bm.sty
Package: bm 2025/10/21 v1.2g Bold Symbol Support (DPC/FMi)
\symboldoperators=\mathgroup10
\symboldletters=\mathgroup11
\symboldsymbols=\mathgroup12
\symboldlargesymbols=\mathgroup13
Package bm Info: No bold for \U/msa/m/n, using \pmb.
Package bm Info: No bold for \U/msb/m/n, using \pmb.
LaTeX Font Info:    Redeclaring math alphabet \mathbf on input line 149.
)
(d:/texlive/2026/texmf-dist/tex/latex/jknapltx/mathrsfs.sty
Package: mathrsfs 1996/01/01 Math RSFS package v1.0 (jk)
\symrsfs=\mathgroup14
)
(d:/texlive/2026/texmf-dist/tex/latex/graphics/rotating.sty
Package: rotating 2025/01/14 v2.16e rotated objects in LaTeX
\c@r@tfl@t=\count479
\rotFPtop=\skip131
\rotFPbot=\skip132
\rot@float@box=\box133
\rot@mess@toks=\toks66
)
(d:/texlive/2026/texmf-dist/tex/latex/algorithm2e/algorithm2e.sty
Invalid UTF-8 byte or sequence at line 284 replaced by U+FFFD.
Invalid UTF-8 byte or sequence at line 299 replaced by U+FFFD.
Invalid UTF-8 byte or sequence at line 550 replaced by U+FFFD.
Package: algorithm2e 2017/07/18 v5.2 algorithms environments
\c@AlgoLine=\count480
\algocf@hangindent=\skip133

(d:/texlive/2026/texmf-dist/tex/latex/ifoddpage/ifoddpage.sty
Package: ifoddpage 2022/10/18 v1.2 Conditionals for odd/even page detection
\c@checkoddpage=\count481
LaTeX Info: Redefining \checkoddpage on input line 45.
)
(d:/texlive/2026/texmf-dist/tex/latex/tools/xspace.sty
Package: xspace 2014/10/28 v1.13 Space after command names (DPC,MH)
)
(d:/texlive/2026/texmf-dist/tex/latex/relsize/relsize.sty
Package: relsize 2013/03/29 ver 4.1
)
\skiptotal=\skip134
\skiplinenumber=\skip135
\skiprule=\skip136
\skiphlne=\skip137
\skiptext=\skip138
\skiplength=\skip139
\algomargin=\skip140
\skipalgocfslide=\skip141
\algowidth=\dimen343
\inoutsize=\dimen344
\inoutindent=\dimen345
\interspacetitleruled=\dimen346
\interspacealgoruled=\dimen347
\interspacetitleboxruled=\dimen348
\algocf@ruledwidth=\skip142
\algocf@inoutbox=\box134
\algocf@inputbox=\box135
\AlCapSkip=\skip143
\AlCapHSkip=\skip144
\algoskipindent=\skip145
\algocf@nlbox=\box136
\algocf@hangingbox=\box137
\algocf@untilbox=\box138
\algocf@skipuntil=\skip146
\algocf@capbox=\box139
\algocf@lcaptionbox=\skip147
\algoheightruledefault=\skip148
\algoheightrule=\skip149
\algotitleheightruledefault=\skip150
\algotitleheightrule=\skip151
\c@algocfline=\count482
\c@algocfproc=\count483
\c@algocf=\count484
\algocf@algoframe=\box140
\algocf@algobox=\box141
)
\c@algoen=\count485
\cftbeforealgoenskip=\skip152
\cftalgoenindent=\skip153
\cftalgoennumwidth=\skip154
\c@aendepth=\count486
\cftbeforeaentitleskip=\skip155
\cftafteraentitleskip=\skip156

(d:/texlive/2026/texmf-dist/tex/latex/listings/listings.sty
\lst@mode=\count487
\lst@gtempboxa=\box142
\lst@token=\toks67
\lst@length=\count488
\lst@currlwidth=\dimen349
\lst@column=\count489
\lst@pos=\count490
\lst@lostspace=\dimen350
\lst@width=\dimen351
\lst@newlines=\count491
\lst@lineno=\count492
\lst@maxwidth=\dimen352

(d:/texlive/2026/texmf-dist/tex/latex/listings/lstpatch.sty
File: lstpatch.sty 2025/11/14 1.11b (Carsten Heinz)
)
(d:/texlive/2026/texmf-dist/tex/latex/listings/lstmisc.sty
File: lstmisc.sty 2025/11/14 1.11b (Carsten Heinz)
\c@lstnumber=\count493
\lst@skipnumbers=\count494
\lst@framebox=\box143
)
(d:/texlive/2026/texmf-dist/tex/latex/listings/listings.cfg
File: listings.cfg 2025/11/14 1.11b listings configuration
))
Package: listings 2025/11/14 1.11b (Carsten Heinz)

(d:/texlive/2026/texmf-dist/tex/xelatex/xecjk/xeCJK-listings.sty
Package: xeCJK-listings 2022/08/05 v3.9.1 xeCJK patch file for listings
\l__xeCJK_listings_max_char_int=\count495
\l__xeCJK_listings_flag_int=\count496
)
==> First Aid for listings.sty no longer applied!
    Expected:
        2024/09/23 1.10c (Carsten Heinz)
    but found:
        2025/11/14 1.11b (Carsten Heinz)
    so I'm assuming it got fixed.
(d:/texlive/2026/texmf-dist/tex/latex/pgf/frontendlayer/tikz.sty
(d:/texlive/2026/texmf-dist/tex/latex/pgf/basiclayer/pgf.sty
(d:/texlive/2026/texmf-dist/tex/latex/pgf/utilities/pgfrcs.sty
(d:/texlive/2026/texmf-dist/tex/generic/pgf/utilities/pgfutil-common.tex
\pgfutil@everybye=\toks68
\pgfutil@tempdima=\dimen353
\pgfutil@tempdimb=\dimen354
)
(d:/texlive/2026/texmf-dist/tex/generic/pgf/utilities/pgfutil-latex.def
\pgfutil@abb=\box144
)
(d:/texlive/2026/texmf-dist/tex/generic/pgf/utilities/pgfrcs.code.tex
(d:/texlive/2026/texmf-dist/tex/generic/pgf/pgf.revision.tex)
Package: pgfrcs 2025-08-29 v3.1.11a (3.1.11a)
))
Package: pgf 2025-08-29 v3.1.11a (3.1.11a)

(d:/texlive/2026/texmf-dist/tex/latex/pgf/basiclayer/pgfcore.sty
(d:/texlive/2026/texmf-dist/tex/latex/pgf/systemlayer/pgfsys.sty
(d:/texlive/2026/texmf-dist/tex/generic/pgf/systemlayer/pgfsys.code.tex
Package: pgfsys 2025-08-29 v3.1.11a (3.1.11a)

(d:/texlive/2026/texmf-dist/tex/generic/pgf/utilities/pgfkeys.code.tex
\pgfkeys@pathtoks=\toks69
\pgfkeys@temptoks=\toks70

(d:/texlive/2026/texmf-dist/tex/generic/pgf/utilities/pgfkeyslibraryfiltered.co
de.tex
\pgfkeys@tmptoks=\toks71
))
\pgf@x=\dimen355
\pgf@y=\dimen356
\pgf@xa=\dimen357
\pgf@ya=\dimen358
\pgf@xb=\dimen359
\pgf@yb=\dimen360
\pgf@xc=\dimen361
\pgf@yc=\dimen362
\pgf@xd=\dimen363
\pgf@yd=\dimen364
\w@pgf@writea=\write6
\r@pgf@reada=\read3
\c@pgf@counta=\count497
\c@pgf@countb=\count498
\c@pgf@countc=\count499
\c@pgf@countd=\count500
\t@pgf@toka=\toks72
\t@pgf@tokb=\toks73
\t@pgf@tokc=\toks74
\pgf@sys@id@count=\count501
 (d:/texlive/2026/texmf-dist/tex/generic/pgf/systemlayer/pgf.cfg
File: pgf.cfg 2025-08-29 v3.1.11a (3.1.11a)
)
Driver file for pgf: pgfsys-xetex.def

(d:/texlive/2026/texmf-dist/tex/generic/pgf/systemlayer/pgfsys-xetex.def
File: pgfsys-xetex.def 2025-08-29 v3.1.11a (3.1.11a)

(d:/texlive/2026/texmf-dist/tex/generic/pgf/systemlayer/pgfsys-dvipdfmx.def
File: pgfsys-dvipdfmx.def 2025-08-29 v3.1.11a (3.1.11a)

(d:/texlive/2026/texmf-dist/tex/generic/pgf/systemlayer/pgfsys-common-pdf.def
File: pgfsys-common-pdf.def 2025-08-29 v3.1.11a (3.1.11a)
)
\pgfsys@objnum=\count502
)))
(d:/texlive/2026/texmf-dist/tex/generic/pgf/systemlayer/pgfsyssoftpath.code.tex
File: pgfsyssoftpath.code.tex 2025-08-29 v3.1.11a (3.1.11a)
\pgfsyssoftpath@smallbuffer@items=\count503
\pgfsyssoftpath@bigbuffer@items=\count504
)
(d:/texlive/2026/texmf-dist/tex/generic/pgf/systemlayer/pgfsysprotocol.code.tex
File: pgfsysprotocol.code.tex 2025-08-29 v3.1.11a (3.1.11a)
)) (d:/texlive/2026/texmf-dist/tex/generic/pgf/basiclayer/pgfcore.code.tex
Package: pgfcore 2025-08-29 v3.1.11a (3.1.11a)

(d:/texlive/2026/texmf-dist/tex/generic/pgf/math/pgfmath.code.tex
(d:/texlive/2026/texmf-dist/tex/generic/pgf/math/pgfmathutil.code.tex)
(d:/texlive/2026/texmf-dist/tex/generic/pgf/math/pgfmathparser.code.tex
\pgfmath@dimen=\dimen365
\pgfmath@count=\count505
\pgfmath@box=\box145
\pgfmath@toks=\toks75
\pgfmath@stack@operand=\toks76
\pgfmath@stack@operation=\toks77
)
(d:/texlive/2026/texmf-dist/tex/generic/pgf/math/pgfmathfunctions.code.tex)
(d:/texlive/2026/texmf-dist/tex/generic/pgf/math/pgfmathfunctions.basic.code.te
x)
(d:/texlive/2026/texmf-dist/tex/generic/pgf/math/pgfmathfunctions.trigonometric
.code.tex)
(d:/texlive/2026/texmf-dist/tex/generic/pgf/math/pgfmathfunctions.random.code.t
ex)
(d:/texlive/2026/texmf-dist/tex/generic/pgf/math/pgfmathfunctions.comparison.co
de.tex)
(d:/texlive/2026/texmf-dist/tex/generic/pgf/math/pgfmathfunctions.base.code.tex
)
(d:/texlive/2026/texmf-dist/tex/generic/pgf/math/pgfmathfunctions.round.code.te
x)
(d:/texlive/2026/texmf-dist/tex/generic/pgf/math/pgfmathfunctions.misc.code.tex
)
(d:/texlive/2026/texmf-dist/tex/generic/pgf/math/pgfmathfunctions.integerarithm
etics.code.tex)
(d:/texlive/2026/texmf-dist/tex/generic/pgf/math/pgfmathcalc.code.tex)
(d:/texlive/2026/texmf-dist/tex/generic/pgf/math/pgfmathfloat.code.tex
\c@pgfmathroundto@lastzeros=\count506
))
(d:/texlive/2026/texmf-dist/tex/generic/pgf/math/pgfint.code.tex)
(d:/texlive/2026/texmf-dist/tex/generic/pgf/basiclayer/pgfcorepoints.code.tex
File: pgfcorepoints.code.tex 2025-08-29 v3.1.11a (3.1.11a)
\pgf@picminx=\dimen366
\pgf@picmaxx=\dimen367
\pgf@picminy=\dimen368
\pgf@picmaxy=\dimen369
\pgf@pathminx=\dimen370
\pgf@pathmaxx=\dimen371
\pgf@pathminy=\dimen372
\pgf@pathmaxy=\dimen373
\pgf@xx=\dimen374
\pgf@xy=\dimen375
\pgf@yx=\dimen376
\pgf@yy=\dimen377
\pgf@zx=\dimen378
\pgf@zy=\dimen379
)
(d:/texlive/2026/texmf-dist/tex/generic/pgf/basiclayer/pgfcorepathconstruct.cod
e.tex
File: pgfcorepathconstruct.code.tex 2025-08-29 v3.1.11a (3.1.11a)
\pgf@path@lastx=\dimen380
\pgf@path@lasty=\dimen381
)
(d:/texlive/2026/texmf-dist/tex/generic/pgf/basiclayer/pgfcorepathusage.code.te
x
File: pgfcorepathusage.code.tex 2025-08-29 v3.1.11a (3.1.11a)
\pgf@shorten@end@additional=\dimen382
\pgf@shorten@start@additional=\dimen383
)
(d:/texlive/2026/texmf-dist/tex/generic/pgf/basiclayer/pgfcorescopes.code.tex
File: pgfcorescopes.code.tex 2025-08-29 v3.1.11a (3.1.11a)
\pgfpic=\box146
\pgf@hbox=\box147
\pgf@layerbox@main=\box148
\pgf@picture@serial@count=\count507
)
(d:/texlive/2026/texmf-dist/tex/generic/pgf/basiclayer/pgfcoregraphicstate.code
.tex
File: pgfcoregraphicstate.code.tex 2025-08-29 v3.1.11a (3.1.11a)
\pgflinewidth=\dimen384
)
(d:/texlive/2026/texmf-dist/tex/generic/pgf/basiclayer/pgfcoretransformations.c
ode.tex
File: pgfcoretransformations.code.tex 2025-08-29 v3.1.11a (3.1.11a)
\pgf@pt@x=\dimen385
\pgf@pt@y=\dimen386
\pgf@pt@temp=\dimen387
)
(d:/texlive/2026/texmf-dist/tex/generic/pgf/basiclayer/pgfcorequick.code.tex
File: pgfcorequick.code.tex 2025-08-29 v3.1.11a (3.1.11a)
)
(d:/texlive/2026/texmf-dist/tex/generic/pgf/basiclayer/pgfcoreobjects.code.tex
File: pgfcoreobjects.code.tex 2025-08-29 v3.1.11a (3.1.11a)
)
(d:/texlive/2026/texmf-dist/tex/generic/pgf/basiclayer/pgfcorepathprocessing.co
de.tex
File: pgfcorepathprocessing.code.tex 2025-08-29 v3.1.11a (3.1.11a)
)
(d:/texlive/2026/texmf-dist/tex/generic/pgf/basiclayer/pgfcorearrows.code.tex
File: pgfcorearrows.code.tex 2025-08-29 v3.1.11a (3.1.11a)
\pgfarrowsep=\dimen388
)
(d:/texlive/2026/texmf-dist/tex/generic/pgf/basiclayer/pgfcoreshade.code.tex
File: pgfcoreshade.code.tex 2025-08-29 v3.1.11a (3.1.11a)
\pgf@max=\dimen389
\pgf@sys@shading@range@num=\count508
\pgf@shadingcount=\count509
)
(d:/texlive/2026/texmf-dist/tex/generic/pgf/basiclayer/pgfcoreimage.code.tex
File: pgfcoreimage.code.tex 2025-08-29 v3.1.11a (3.1.11a)
)
(d:/texlive/2026/texmf-dist/tex/generic/pgf/basiclayer/pgfcoreexternal.code.tex
File: pgfcoreexternal.code.tex 2025-08-29 v3.1.11a (3.1.11a)
\pgfexternal@startupbox=\box149
) (d:/texlive/2026/texmf-dist/tex/generic/pgf/basiclayer/pgfcorelayers.code.tex
File: pgfcorelayers.code.tex 2025-08-29 v3.1.11a (3.1.11a)
)
(d:/texlive/2026/texmf-dist/tex/generic/pgf/basiclayer/pgfcoretransparency.code
.tex
File: pgfcoretransparency.code.tex 2025-08-29 v3.1.11a (3.1.11a)
)
(d:/texlive/2026/texmf-dist/tex/generic/pgf/basiclayer/pgfcorepatterns.code.tex
File: pgfcorepatterns.code.tex 2025-08-29 v3.1.11a (3.1.11a)
) (d:/texlive/2026/texmf-dist/tex/generic/pgf/basiclayer/pgfcorerdf.code.tex
File: pgfcorerdf.code.tex 2025-08-29 v3.1.11a (3.1.11a)
))) (d:/texlive/2026/texmf-dist/tex/generic/pgf/modules/pgfmoduleshapes.code.te
x
File: pgfmoduleshapes.code.tex 2025-08-29 v3.1.11a (3.1.11a)
\pgfnodeparttextbox=\box150
)
(d:/texlive/2026/texmf-dist/tex/generic/pgf/modules/pgfmoduleplot.code.tex
File: pgfmoduleplot.code.tex 2025-08-29 v3.1.11a (3.1.11a)
)
(d:/texlive/2026/texmf-dist/tex/latex/pgf/compatibility/pgfcomp-version-0-65.st
y
Package: pgfcomp-version-0-65 2025-08-29 v3.1.11a (3.1.11a)
\pgf@nodesepstart=\dimen390
\pgf@nodesepend=\dimen391
)
(d:/texlive/2026/texmf-dist/tex/latex/pgf/compatibility/pgfcomp-version-1-18.st
y
Package: pgfcomp-version-1-18 2025-08-29 v3.1.11a (3.1.11a)
)) (d:/texlive/2026/texmf-dist/tex/latex/pgf/utilities/pgffor.sty
(d:/texlive/2026/texmf-dist/tex/latex/pgf/utilities/pgfkeys.sty
(d:/texlive/2026/texmf-dist/tex/generic/pgf/utilities/pgfkeys.code.tex))
(d:/texlive/2026/texmf-dist/tex/latex/pgf/math/pgfmath.sty
(d:/texlive/2026/texmf-dist/tex/generic/pgf/math/pgfmath.code.tex))
(d:/texlive/2026/texmf-dist/tex/generic/pgf/utilities/pgffor.code.tex
Package: pgffor 2025-08-29 v3.1.11a (3.1.11a)
\pgffor@iter=\dimen392
\pgffor@skip=\dimen393
\pgffor@stack=\toks78
\pgffor@toks=\toks79
))
(d:/texlive/2026/texmf-dist/tex/generic/pgf/frontendlayer/tikz/tikz.code.tex
Package: tikz 2025-08-29 v3.1.11a (3.1.11a)

(d:/texlive/2026/texmf-dist/tex/generic/pgf/libraries/pgflibraryplothandlers.co
de.tex
File: pgflibraryplothandlers.code.tex 2025-08-29 v3.1.11a (3.1.11a)
\pgf@plot@mark@count=\count510
\pgfplotmarksize=\dimen394
)
\tikz@lastx=\dimen395
\tikz@lasty=\dimen396
\tikz@lastxsaved=\dimen397
\tikz@lastysaved=\dimen398
\tikz@lastmovetox=\dimen399
\tikz@lastmovetoy=\dimen400
\tikzleveldistance=\dimen401
\tikzsiblingdistance=\dimen402
\tikz@figbox=\box151
\tikz@figbox@bg=\box152
\tikz@tempbox=\box153
\tikz@tempbox@bg=\box154
\tikztreelevel=\count511
\tikznumberofchildren=\count512
\tikznumberofcurrentchild=\count513
\tikz@fig@count=\count514

(d:/texlive/2026/texmf-dist/tex/generic/pgf/modules/pgfmodulematrix.code.tex
File: pgfmodulematrix.code.tex 2025-08-29 v3.1.11a (3.1.11a)
\pgfmatrixcurrentrow=\count515
\pgfmatrixcurrentcolumn=\count516
\pgf@matrix@numberofcolumns=\count517
)
\tikz@expandcount=\count518

(d:/texlive/2026/texmf-dist/tex/generic/pgf/frontendlayer/tikz/libraries/tikzli
brarytopaths.code.tex
File: tikzlibrarytopaths.code.tex 2025-08-29 v3.1.11a (3.1.11a)
))))
Package translations Info: No language package found. I am going to use `englis
h' as default language. on input line 6.
 (./thesis.aux (./body/chapter01.aux)
(./body/chapter02.aux) (./body/chapter03.aux) (./body/chapter04.aux)
(./body/chapter05.aux) (./back/conclusion.aux))
\openout1 = `thesis.aux'.

LaTeX Font Info:    Checking defaults for OML/ntxmi/m/it on input line 6.
LaTeX Font Info:    Trying to load font information for OML+ntxmi on input line
 6.

(d:/texlive/2026/texmf-dist/tex/latex/newtx/omlntxmi.fd
File: omlntxmi.fd 2015/08/25 Fontinst v1.933 font definitions for OML/ntxmi.
)
LaTeX Font Info:    ... okay on input line 6.
LaTeX Font Info:    Checking defaults for OMS/cmsy/m/n on input line 6.
LaTeX Font Info:    ... okay on input line 6.
LaTeX Font Info:    Checking defaults for OT1/cmr/m/n on input line 6.
LaTeX Font Info:    ... okay on input line 6.
LaTeX Font Info:    Checking defaults for T1/cmr/m/n on input line 6.
LaTeX Font Info:    ... okay on input line 6.
LaTeX Font Info:    Checking defaults for TS1/cmr/m/n on input line 6.
LaTeX Font Info:    ... okay on input line 6.
LaTeX Font Info:    Checking defaults for TU/lmr/m/n on input line 6.
LaTeX Font Info:    ... okay on input line 6.
LaTeX Font Info:    Checking defaults for OMX/cmex/m/n on input line 6.
LaTeX Font Info:    ... okay on input line 6.
LaTeX Font Info:    Checking defaults for U/ntxexa/m/n on input line 6.
LaTeX Font Info:    Trying to load font information for U+ntxexa on input line 
6.

(d:/texlive/2026/texmf-dist/tex/latex/newtx/untxexa.fd
File: untxexa.fd 2012/04/16 Fontinst v1.933 font definitions for U/ntxexa.
)
LaTeX Font Info:    ... okay on input line 6.
LaTeX Font Info:    Checking defaults for LMS/ntxsy/m/n on input line 6.
LaTeX Font Info:    Trying to load font information for LMS+ntxsy on input line
 6.

(d:/texlive/2026/texmf-dist/tex/latex/newtx/lmsntxsy.fd
File: lmsntxsy.fd 2016/07/02 Fontinst v1.933 font definitions for LMS/ntxsy.
)
LaTeX Font Info:    ... okay on input line 6.
LaTeX Font Info:    Checking defaults for LMX/ntxexx/m/n on input line 6.
LaTeX Font Info:    Trying to load font information for LMX+ntxexx on input lin
e 6.

(d:/texlive/2026/texmf-dist/tex/latex/newtx/lmxntxexx.fd
File: lmxntxexx.fd 2016/07/03 Fontinst v1.933 font definitions for LMX/ntxexx.
)
LaTeX Font Info:    ... okay on input line 6.
LaTeX Font Info:    Checking defaults for PD1/pdf/m/n on input line 6.
LaTeX Font Info:    ... okay on input line 6.
LaTeX Font Info:    Checking defaults for PU/pdf/m/n on input line 6.
LaTeX Font Info:    ... okay on input line 6.
LaTeX Info: Command `\dddot' is already robust on input line 6.
LaTeX Info: Command `\ddddot' is already robust on input line 6.

(d:/texlive/2026/texmf-dist/tex/latex/pdflscape/pdflscape.sty
Package: pdflscape 2025-06-23 v0.14 Display of landscape pages in PDF

(d:/texlive/2026/texmf-dist/tex/latex/pdflscape/pdflscape-nometadata.sty
Package: pdflscape-nometadata 2025-06-23 v0.14 Display of landscape pages in PD
F (HO)

(d:/texlive/2026/texmf-dist/tex/latex/graphics/lscape.sty
Package: lscape 2020/05/28 v3.02 Landscape Pages (DPC)
)
Package pdflscape Info: Auto-detected driver: dvipdfm (xetex) on input line 98.

))
Package hyperref Info: Link coloring OFF on input line 6.
 (./thesis.out)
(./thesis.out)
\@outlinefile=\write7
\openout7 = `thesis.out'.


*geometry* driver: auto-detecting
*geometry* detected driver: xetex
*geometry* verbose mode - [ preamble ] result:
* driver: xetex
* paper: a4paper
* layout: <same size as paper>
* layoutoffset:(h,v)=(0.0pt,0.0pt)
* hratio: 1:1
* vratio: 1:1
* modes: 
* h-part:(L,W,R)=(85.35826pt, 426.79134pt, 85.35828pt)
* v-part:(T,H,B)=(86.7809pt, 671.48503pt, 86.78091pt)
* \paperwidth=597.50787pt
* \paperheight=845.04684pt
* \textwidth=426.79134pt
* \textheight=671.48503pt
* \oddsidemargin=13.08827pt
* \evensidemargin=13.08827pt
* \topmargin=-5.40599pt
* \headheight=14.22636pt
* \headsep=5.69054pt
* \topskip=12.0pt
* \footskip=14.79541pt
* \marginparwidth=0.0pt
* \marginparsep=0.0pt
* \columnsep=10.0pt
* \skip\footins=10.8pt plus 4.0pt minus 2.0pt
* \hoffset=0.0pt
* \voffset=0.0pt
* \mag=1000
* \@twocolumnfalse
* \@twosidefalse
* \@mparswitchfalse
* \@reversemarginfalse
* (1in=72.27pt=25.4mm, 1cm=28.453pt)


(d:/texlive/2026/texmf-dist/tex/latex/translations/translations-basic-dictionar
y-english.trsl
File: translations-basic-dictionary-english.trsl (english translation file `tra
nslations-basic-dictionary')
)
Package translations Info: loading dictionary `translations-basic-dictionary' f
or `english'. on input line 6.
\c@lstlisting=\count519
 (./front/cover.tex)

Package fontspec Info: 
(fontspec)             Could not resolve font "SimSun/I" (it probably doesn't
(fontspec)             exist).


Package fontspec Info: 
(fontspec)             Could not resolve font "SimSun/BI" (it probably doesn't
(fontspec)             exist).


Package fontspec Info: 
(fontspec)             Could not resolve font "SimSun/I" (it probably doesn't
(fontspec)             exist).


Package fontspec Info: 
(fontspec)             Font family 'SimSun(1)' created for font 'SimSun' with
(fontspec)             options [Script={CJK},AutoFakeBold={2}].
(fontspec)              
(fontspec)              This font family consists of the following NFSS
(fontspec)             series/shapes:
(fontspec)              
(fontspec)             - 'normal' (m/n) with NFSS spec.:
(fontspec)             <->"SimSun/OT:script=hani;language=dflt;"
(fontspec)             - 'bold' (b/n) with NFSS spec.:
(fontspec)             <->"SimSun/OT:script=hani;language=dflt;embolden=2;"


Package fontspec Info: 
(fontspec)             Could not resolve font "SimHei/I" (it probably doesn't
(fontspec)             exist).


Package fontspec Info: 
(fontspec)             Could not resolve font "SimHei/BI" (it probably doesn't
(fontspec)             exist).


Package fontspec Info: 
(fontspec)             Could not resolve font "SimHei/I" (it probably doesn't
(fontspec)             exist).


Package fontspec Info: 
(fontspec)             Font family 'SimHei(0)' created for font 'SimHei' with
(fontspec)             options [Script={CJK},AutoFakeBold={2}].
(fontspec)              
(fontspec)              This font family consists of the following NFSS
(fontspec)             series/shapes:
(fontspec)              
(fontspec)             - 'normal' (m/n) with NFSS spec.:
(fontspec)             <->"SimHei/OT:script=hani;language=dflt;"
(fontspec)             - 'bold' (b/n) with NFSS spec.:
(fontspec)             <->"SimHei/OT:script=hani;language=dflt;embolden=2;"


Package fontspec Info: 
(fontspec)             Could not resolve font "KaiTi/I" (it probably doesn't
(fontspec)             exist).


Package fontspec Info: 
(fontspec)             Could not resolve font "KaiTi/BI" (it probably doesn't
(fontspec)             exist).


Package fontspec Info: 
(fontspec)             Could not resolve font "KaiTi/I" (it probably doesn't
(fontspec)             exist).


Package fontspec Info: 
(fontspec)             Font family 'KaiTi(0)' created for font 'KaiTi' with
(fontspec)             options [Script={CJK},AutoFakeBold={2}].
(fontspec)              
(fontspec)              This font family consists of the following NFSS
(fontspec)             series/shapes:
(fontspec)              
(fontspec)             - 'normal' (m/n) with NFSS spec.:
(fontspec)             <->"KaiTi/OT:script=hani;language=dflt;"
(fontspec)             - 'bold' (b/n) with NFSS spec.:
(fontspec)             <->"KaiTi/OT:script=hani;language=dflt;embolden=2;"

 [1

\openout4 = `thesis.ist'.





]
LaTeX Font Info:    Trying to load font information for OT1+ntxtlf on input lin
e 9.

(d:/texlive/2026/texmf-dist/tex/latex/newtx/ot1ntxtlf.fd
File: ot1ntxtlf.fd 2021/05/24 v1.0 font definition file for OT1/ntx/tlf
)
LaTeX Font Info:    Font shape `OML/ntxmi/m/it' will be
(Font)              scaled to size 12.045pt on input line 9.
LaTeX Font Info:    Font shape `OML/ntxmi/m/it' will be
(Font)              scaled to size 8.0pt on input line 9.
LaTeX Font Info:    Font shape `OML/ntxmi/m/it' will be
(Font)              scaled to size 6.0pt on input line 9.
LaTeX Font Info:    Font shape `LMS/ntxsy/m/n' will be
(Font)              scaled to size 12.045pt on input line 9.
LaTeX Font Info:    Font shape `LMS/ntxsy/m/n' will be
(Font)              scaled to size 8.0pt on input line 9.
LaTeX Font Info:    Font shape `LMS/ntxsy/m/n' will be
(Font)              scaled to size 6.0pt on input line 9.
LaTeX Font Info:    Font shape `LMX/ntxexx/m/n' will be
(Font)              scaled to size 12.045pt on input line 9.
LaTeX Font Info:    Font shape `LMX/ntxexx/m/n' will be
(Font)              scaled to size 8.0pt on input line 9.
LaTeX Font Info:    Font shape `LMX/ntxexx/m/n' will be
(Font)              scaled to size 6.0pt on input line 9.
LaTeX Font Info:    Trying to load font information for U+msa on input line 9.

(d:/texlive/2026/texmf-dist/tex/latex/amsfonts/umsa.fd
File: umsa.fd 2013/01/14 v3.01 AMS symbols A
)
LaTeX Font Info:    Trying to load font information for U+msb on input line 9.

(d:/texlive/2026/texmf-dist/tex/latex/amsfonts/umsb.fd
File: umsb.fd 2013/01/14 v3.01 AMS symbols B
)
LaTeX Font Info:    Trying to load font information for U+ntxmia on input line 
9.

(d:/texlive/2026/texmf-dist/tex/latex/newtx/untxmia.fd
File: untxmia.fd 2024/04/09 Fontinst v1.933 font definitions for U/ntxmia.
)
LaTeX Font Info:    Font shape `U/ntxmia/m/it' will be
(Font)              scaled to size 12.045pt on input line 9.
LaTeX Font Info:    Font shape `U/ntxmia/m/it' will be
(Font)              scaled to size 8.0pt on input line 9.
LaTeX Font Info:    Font shape `U/ntxmia/m/it' will be
(Font)              scaled to size 6.0pt on input line 9.
LaTeX Font Info:    Trying to load font information for U+ntxsym on input line 
9.

(d:/texlive/2026/texmf-dist/tex/latex/newtx/untxsym.fd
File: untxsym.fd 2023/08/16 Fontinst v1.933 font definitions for U/ntxsym.
)
LaTeX Font Info:    Font shape `U/ntxsym/m/n' will be
(Font)              scaled to size 12.045pt on input line 9.
LaTeX Font Info:    Font shape `U/ntxsym/m/n' will be
(Font)              scaled to size 8.0pt on input line 9.
LaTeX Font Info:    Font shape `U/ntxsym/m/n' will be
(Font)              scaled to size 6.0pt on input line 9.
LaTeX Font Info:    Trying to load font information for U+ntxsyc on input line 
9.

(d:/texlive/2026/texmf-dist/tex/latex/newtx/untxsyc.fd
File: untxsyc.fd 2012/04/12 Fontinst v1.933 font definitions for U/ntxsyc.
)
LaTeX Font Info:    Font shape `U/ntxsyc/m/n' will be
(Font)              scaled to size 12.045pt on input line 9.
LaTeX Font Info:    Font shape `U/ntxsyc/m/n' will be
(Font)              scaled to size 8.0pt on input line 9.
LaTeX Font Info:    Font shape `U/ntxsyc/m/n' will be
(Font)              scaled to size 6.0pt on input line 9.
LaTeX Font Info:    Font shape `U/ntxexa/m/n' will be
(Font)              scaled to size 12.045pt on input line 9.
LaTeX Font Info:    Font shape `U/ntxexa/m/n' will be
(Font)              scaled to size 8.0pt on input line 9.
LaTeX Font Info:    Font shape `U/ntxexa/m/n' will be
(Font)              scaled to size 6.0pt on input line 9.
LaTeX Font Info:    Font shape `OML/ntxmi/b/it' will be
(Font)              scaled to size 12.045pt on input line 9.
LaTeX Font Info:    Font shape `OML/ntxmi/b/it' will be
(Font)              scaled to size 8.0pt on input line 9.
LaTeX Font Info:    Font shape `OML/ntxmi/b/it' will be
(Font)              scaled to size 6.0pt on input line 9.
LaTeX Font Info:    Font shape `LMS/ntxsy/b/n' will be
(Font)              scaled to size 12.045pt on input line 9.
LaTeX Font Info:    Font shape `LMS/ntxsy/b/n' will be
(Font)              scaled to size 8.0pt on input line 9.
LaTeX Font Info:    Font shape `LMS/ntxsy/b/n' will be
(Font)              scaled to size 6.0pt on input line 9.
LaTeX Font Info:    Font shape `LMX/ntxexx/b/n' will be
(Font)              scaled to size 12.045pt on input line 9.
LaTeX Font Info:    Font shape `LMX/ntxexx/b/n' will be
(Font)              scaled to size 8.0pt on input line 9.
LaTeX Font Info:    Font shape `LMX/ntxexx/b/n' will be
(Font)              scaled to size 6.0pt on input line 9.
LaTeX Font Info:    Trying to load font information for U+rsfs on input line 9.


(d:/texlive/2026/texmf-dist/tex/latex/jknapltx/ursfs.fd
File: ursfs.fd 1998/03/24 rsfs font definition file (jk)
)
LaTeX Font Info:    Font shape `OML/ntxmi/m/it' will be
(Font)              scaled to size 14.05249pt on input line 9.
LaTeX Font Info:    Font shape `OML/ntxmi/m/it' will be
(Font)              scaled to size 10.53937pt on input line 9.
LaTeX Font Info:    Font shape `OML/ntxmi/m/it' will be
(Font)              scaled to size 7.52812pt on input line 9.
LaTeX Font Info:    Font shape `LMS/ntxsy/m/n' will be
(Font)              scaled to size 14.05249pt on input line 9.
LaTeX Font Info:    Font shape `LMS/ntxsy/m/n' will be
(Font)              scaled to size 10.53937pt on input line 9.
LaTeX Font Info:    Font shape `LMS/ntxsy/m/n' will be
(Font)              scaled to size 7.52812pt on input line 9.
LaTeX Font Info:    Font shape `LMX/ntxexx/m/n' will be
(Font)              scaled to size 14.05249pt on input line 9.
LaTeX Font Info:    Font shape `LMX/ntxexx/m/n' will be
(Font)              scaled to size 10.53937pt on input line 9.
LaTeX Font Info:    Font shape `LMX/ntxexx/m/n' will be
(Font)              scaled to size 7.52812pt on input line 9.
LaTeX Font Info:    Font shape `U/ntxmia/m/it' will be
(Font)              scaled to size 14.05249pt on input line 9.
LaTeX Font Info:    Font shape `U/ntxmia/m/it' will be
(Font)              scaled to size 10.53937pt on input line 9.
LaTeX Font Info:    Font shape `U/ntxmia/m/it' will be
(Font)              scaled to size 7.52812pt on input line 9.
LaTeX Font Info:    Font shape `U/ntxsym/m/n' will be
(Font)              scaled to size 14.05249pt on input line 9.
LaTeX Font Info:    Font shape `U/ntxsym/m/n' will be
(Font)              scaled to size 10.53937pt on input line 9.
LaTeX Font Info:    Font shape `U/ntxsym/m/n' will be
(Font)              scaled to size 7.52812pt on input line 9.
LaTeX Font Info:    Font shape `U/ntxsyc/m/n' will be
(Font)              scaled to size 14.05249pt on input line 9.
LaTeX Font Info:    Font shape `U/ntxsyc/m/n' will be
(Font)              scaled to size 10.53937pt on input line 9.
LaTeX Font Info:    Font shape `U/ntxsyc/m/n' will be
(Font)              scaled to size 7.52812pt on input line 9.
LaTeX Font Info:    Font shape `U/ntxexa/m/n' will be
(Font)              scaled to size 14.05249pt on input line 9.
LaTeX Font Info:    Font shape `U/ntxexa/m/n' will be
(Font)              scaled to size 10.53937pt on input line 9.
LaTeX Font Info:    Font shape `U/ntxexa/m/n' will be
(Font)              scaled to size 7.52812pt on input line 9.
LaTeX Font Info:    Font shape `OML/ntxmi/b/it' will be
(Font)              scaled to size 14.05249pt on input line 9.
LaTeX Font Info:    Font shape `OML/ntxmi/b/it' will be
(Font)              scaled to size 10.53937pt on input line 9.
LaTeX Font Info:    Font shape `OML/ntxmi/b/it' will be
(Font)              scaled to size 7.52812pt on input line 9.
LaTeX Font Info:    Font shape `LMS/ntxsy/b/n' will be
(Font)              scaled to size 14.05249pt on input line 9.
LaTeX Font Info:    Font shape `LMS/ntxsy/b/n' will be
(Font)              scaled to size 10.53937pt on input line 9.
LaTeX Font Info:    Font shape `LMS/ntxsy/b/n' will be
(Font)              scaled to size 7.52812pt on input line 9.
LaTeX Font Info:    Font shape `LMX/ntxexx/b/n' will be
(Font)              scaled to size 14.05249pt on input line 9.
LaTeX Font Info:    Font shape `LMX/ntxexx/b/n' will be
(Font)              scaled to size 10.53937pt on input line 9.
LaTeX Font Info:    Font shape `LMX/ntxexx/b/n' will be
(Font)              scaled to size 7.52812pt on input line 9.


LaTeX Font Warning: Font shape `U/rsfs/m/n' in size <10.53937> not available
(Font)              size <10.95> substituted on input line 9.


LaTeX Font Warning: Font shape `U/rsfs/m/n' in size <7.52812> not available
(Font)              size <8> substituted on input line 9.

[2

] [3

] [1



] [2


] (./thesis.toc [3


] [4])
\tf@toc=\write8
\openout8 = `thesis.toc'.

 [5]
\openout2 = `body/chapter01.aux'.

 (./body/chapter01.tex
第1章
[1




] [2] [3] [4]
LaTeX Font Info:    Font shape `OML/ntxmi/m/it' will be
(Font)              scaled to size 7.0pt on input line 71.
LaTeX Font Info:    Font shape `OML/ntxmi/m/it' will be
(Font)              scaled to size 5.0pt on input line 71.
LaTeX Font Info:    Font shape `LMS/ntxsy/m/n' will be
(Font)              scaled to size 7.0pt on input line 71.
LaTeX Font Info:    Font shape `LMS/ntxsy/m/n' will be
(Font)              scaled to size 5.0pt on input line 71.
LaTeX Font Info:    Font shape `LMX/ntxexx/m/n' will be
(Font)              scaled to size 7.0pt on input line 71.
LaTeX Font Info:    Font shape `LMX/ntxexx/m/n' will be
(Font)              scaled to size 5.0pt on input line 71.
LaTeX Font Info:    Font shape `U/ntxmia/m/it' will be
(Font)              scaled to size 7.0pt on input line 71.
LaTeX Font Info:    Font shape `U/ntxmia/m/it' will be
(Font)              scaled to size 5.0pt on input line 71.
LaTeX Font Info:    Font shape `U/ntxsym/m/n' will be
(Font)              scaled to size 7.0pt on input line 71.
LaTeX Font Info:    Font shape `U/ntxsym/m/n' will be
(Font)              scaled to size 5.0pt on input line 71.
LaTeX Font Info:    Font shape `U/ntxsyc/m/n' will be
(Font)              scaled to size 7.0pt on input line 71.
LaTeX Font Info:    Font shape `U/ntxsyc/m/n' will be
(Font)              scaled to size 5.0pt on input line 71.
LaTeX Font Info:    Font shape `U/ntxexa/m/n' will be
(Font)              scaled to size 7.0pt on input line 71.
LaTeX Font Info:    Font shape `U/ntxexa/m/n' will be
(Font)              scaled to size 5.0pt on input line 71.
LaTeX Font Info:    Font shape `OML/ntxmi/b/it' will be
(Font)              scaled to size 7.0pt on input line 71.
LaTeX Font Info:    Font shape `OML/ntxmi/b/it' will be
(Font)              scaled to size 5.0pt on input line 71.
LaTeX Font Info:    Font shape `LMS/ntxsy/b/n' will be
(Font)              scaled to size 7.0pt on input line 71.
LaTeX Font Info:    Font shape `LMS/ntxsy/b/n' will be
(Font)              scaled to size 5.0pt on input line 71.
LaTeX Font Info:    Font shape `LMX/ntxexx/b/n' will be
(Font)              scaled to size 7.0pt on input line 71.
LaTeX Font Info:    Font shape `LMX/ntxexx/b/n' will be
(Font)              scaled to size 5.0pt on input line 71.
 [5] [6] [7] [8] [9]
File: C:/Users/31724/.cursor/projects/d/assets/c__Users_31724_AppData_Roaming_C
ursor_User_workspaceStorage_ecdb843983927f0bd3607f2900fc4e87_images_image-10e20
22c-d4c9-4334-8521-54d63cead3b3.png Graphic file (type bmp)
<C:/Users/31724/.cursor/projects/d/assets/c__Users_31724_AppData_Roaming_Cursor
_User_workspaceStorage_ecdb843983927f0bd3607f2900fc4e87_images_image-10e2022c-d
4c9-4334-8521-54d63cead3b3.png>
 [10]) [11]
\openout2 = `body/chapter02.aux'.

 (./body/chapter02.tex
第2章
File: C:/Users/31724/.cursor/projects/d/assets/c__Users_31724_AppData_Roaming_C
ursor_User_workspaceStorage_ecdb843983927f0bd3607f2900fc4e87_images_image-e469b
489-d1b3-49f6-9d22-81af965c9d4a.png Graphic file (type bmp)
<C:/Users/31724/.cursor/projects/d/assets/c__Users_31724_AppData_Roaming_Cursor
_User_workspaceStorage_ecdb843983927f0bd3607f2900fc4e87_images_image-e469b489-d
1b3-49f6-9d22-81af965c9d4a.png>
File: C:/Users/31724/.cursor/projects/d/assets/c__Users_31724_AppData_Roaming_C
ursor_User_workspaceStorage_ecdb843983927f0bd3607f2900fc4e87_images_image-0357d
b6f-74b9-407c-867c-ee9c5fa8336c.png Graphic file (type bmp)
<C:/Users/31724/.cursor/projects/d/assets/c__Users_31724_AppData_Roaming_Cursor
_User_workspaceStorage_ecdb843983927f0bd3607f2900fc4e87_images_image-0357db6f-7
4b9-407c-867c-ee9c5fa8336c.png>
File: C:/Users/31724/.cursor/projects/d/assets/c__Users_31724_AppData_Roaming_C
ursor_User_workspaceStorage_ecdb843983927f0bd3607f2900fc4e87_images_image-90e49
231-711c-4772-af51-5b0844fd7c03.png Graphic file (type bmp)
<C:/Users/31724/.cursor/projects/d/assets/c__Users_31724_AppData_Roaming_Cursor
_User_workspaceStorage_ecdb843983927f0bd3607f2900fc4e87_images_image-90e49231-7
11c-4772-af51-5b0844fd7c03.png>
[12





]
File: C:/Users/31724/.cursor/projects/d/assets/c__Users_31724_AppData_Roaming_C
ursor_User_workspaceStorage_ecdb843983927f0bd3607f2900fc4e87_images_image-4feb4
5c0-87d4-4898-b89e-5235e1902fac.png Graphic file (type bmp)
<C:/Users/31724/.cursor/projects/d/assets/c__Users_31724_AppData_Roaming_Cursor
_User_workspaceStorage_ecdb843983927f0bd3607f2900fc4e87_images_image-4feb45c0-8
7d4-4898-b89e-5235e1902fac.png>
 [13]
File: C:/Users/31724/.cursor/projects/d/assets/c__Users_31724_AppData_Roaming_C
ursor_User_workspaceStorage_ecdb843983927f0bd3607f2900fc4e87_images_image-898de
691-d143-432c-9b00-271b5784cd88.png Graphic file (type bmp)
<C:/Users/31724/.cursor/projects/d/assets/c__Users_31724_AppData_Roaming_Cursor
_User_workspaceStorage_ecdb843983927f0bd3607f2900fc4e87_images_image-898de691-d
143-432c-9b00-271b5784cd88.png>

Underfull \hbox (badness 10000) in paragraph at lines 43--44
[]\TU/SimSun(0)/m/n/12.045 在 真 实 数 据 采 集 方 面，|  本 文 围 绕 航 空 非 结 构 化 环 境 下 中 航 光
 电
 []


Underfull \hbox (badness 4291) in paragraph at lines 43--44
\TU/TeXGyreTermesX(0)/m/n/12.045 J599/26FD35PN \TU/SimSun(0)/m/n/12.045 型 电 连 接
 器 的 典 型 布 置 形 式 与 照 明 条 件，|  构 建 了 包 含 机 舱
 []

File: C:/Users/31724/.cursor/projects/d/assets/c__Users_31724_AppData_Roaming_C
ursor_User_workspaceStorage_ecdb843983927f0bd3607f2900fc4e87_images_image-1ee03
290-2cc3-45fe-a8f8-4ce244cd1d08.png Graphic file (type bmp)
<C:/Users/31724/.cursor/projects/d/assets/c__Users_31724_AppData_Roaming_Cursor
_User_workspaceStorage_ecdb843983927f0bd3607f2900fc4e87_images_image-1ee03290-2
cc3-45fe-a8f8-4ce244cd1d08.png>
[14]
File: C:/Users/31724/.cursor/projects/d/assets/c__Users_31724_AppData_Roaming_C
ursor_User_workspaceStorage_ecdb843983927f0bd3607f2900fc4e87_images_f4e52572-c0
b2-49b3-8a8c-3cb13495e461-597bd942-fe07-4167-982d-1ffddde1efa9.png Graphic file
 (type bmp)
<C:/Users/31724/.cursor/projects/d/assets/c__Users_31724_AppData_Roaming_Cursor
_User_workspaceStorage_ecdb843983927f0bd3607f2900fc4e87_images_f4e52572-c0b2-49
b3-8a8c-3cb13495e461-597bd942-fe07-4167-982d-1ffddde1efa9.png>
File: C:/Users/31724/.cursor/projects/d/assets/c__Users_31724_AppData_Roaming_C
ursor_User_workspaceStorage_ecdb843983927f0bd3607f2900fc4e87_images_492ac55a-b0
2d-4076-bf0f-3c3fbe9e2755-642b8150-dbf2-4982-a2ac-8bded25c1c03.png Graphic file
 (type bmp)
<C:/Users/31724/.cursor/projects/d/assets/c__Users_31724_AppData_Roaming_Cursor
_User_workspaceStorage_ecdb843983927f0bd3607f2900fc4e87_images_492ac55a-b02d-40
76-bf0f-3c3fbe9e2755-642b8150-dbf2-4982-a2ac-8bded25c1c03.png>
 [15] [16]
File: C:/Users/31724/.cursor/projects/d/assets/c__Users_31724_AppData_Roaming_C
ursor_User_workspaceStorage_ecdb843983927f0bd3607f2900fc4e87_images_image-3652e
9f5-be72-4700-9463-603adb744ced.png Graphic file (type bmp)
<C:/Users/31724/.cursor/projects/d/assets/c__Users_31724_AppData_Roaming_Cursor
_User_workspaceStorage_ecdb843983927f0bd3607f2900fc4e87_images_image-3652e9f5-b
e72-4700-9463-603adb744ced.png>
 [17]
File: C:/Users/31724/.cursor/projects/d/assets/c__Users_31724_AppData_Roaming_C
ursor_User_workspaceStorage_ecdb843983927f0bd3607f2900fc4e87_images_image-f995c
0e2-3026-40f1-b888-52ae895ac6e4.png Graphic file (type bmp)
<C:/Users/31724/.cursor/projects/d/assets/c__Users_31724_AppData_Roaming_Cursor
_User_workspaceStorage_ecdb843983927f0bd3607f2900fc4e87_images_image-f995c0e2-3
026-40f1-b888-52ae895ac6e4.png>

Package fontspec Info: 
(fontspec)             Could not resolve font "FangSong/I" (it probably
(fontspec)             doesn't exist).


Package fontspec Info: 
(fontspec)             Could not resolve font "FangSong/BI" (it probably
(fontspec)             doesn't exist).


Package fontspec Info: 
(fontspec)             Could not resolve font "FangSong/I" (it probably
(fontspec)             doesn't exist).


Package fontspec Info: 
(fontspec)             Font family 'FangSong(0)' created for font 'FangSong'
(fontspec)             with options [Script={CJK},AutoFakeBold={2}].
(fontspec)              
(fontspec)              This font family consists of the following NFSS
(fontspec)             series/shapes:
(fontspec)              
(fontspec)             - 'normal' (m/n) with NFSS spec.:
(fontspec)             <->"FangSong/OT:script=hani;language=dflt;"
(fontspec)             - 'bold' (b/n) with NFSS spec.:
(fontspec)             <->"FangSong/OT:script=hani;language=dflt;embolden=2;"

 [18] [19]
File: C:/Users/31724/.cursor/projects/d/assets/c__Users_31724_AppData_Roaming_C
ursor_User_workspaceStorage_ecdb843983927f0bd3607f2900fc4e87_images_image-97e1a
36e-0e50-421d-8956-6b9ea459b153.png Graphic file (type bmp)
<C:/Users/31724/.cursor/projects/d/assets/c__Users_31724_AppData_Roaming_Cursor
_User_workspaceStorage_ecdb843983927f0bd3607f2900fc4e87_images_image-97e1a36e-0
e50-421d-8956-6b9ea459b153.png>
 [20]
File: C:/Users/31724/.cursor/projects/d/assets/c__Users_31724_AppData_Roaming_C
ursor_User_workspaceStorage_ecdb843983927f0bd3607f2900fc4e87_images_image-28ea6
ccc-b1f8-4f09-aa38-9b5f487d483b.png Graphic file (type bmp)
<C:/Users/31724/.cursor/projects/d/assets/c__Users_31724_AppData_Roaming_Cursor
_User_workspaceStorage_ecdb843983927f0bd3607f2900fc4e87_images_image-28ea6ccc-b
1f8-4f09-aa38-9b5f487d483b.png>
 [21]
File: C:/Users/31724/.cursor/projects/d/assets/c__Users_31724_AppData_Roaming_C
ursor_User_workspaceStorage_ecdb843983927f0bd3607f2900fc4e87_images_image-c9aec
510-cdde-4944-a685-72dc9314aa60.png Graphic file (type bmp)
<C:/Users/31724/.cursor/projects/d/assets/c__Users_31724_AppData_Roaming_Cursor
_User_workspaceStorage_ecdb843983927f0bd3607f2900fc4e87_images_image-c9aec510-c
dde-4944-a685-72dc9314aa60.png>
 [22] [23] [24] [25]
File: C:/Users/31724/.cursor/projects/d/assets/c__Users_31724_AppData_Roaming_C
ursor_User_workspaceStorage_ecdb843983927f0bd3607f2900fc4e87_images_image-3d201
6c0-8bad-493a-89bf-a031f4d7846b.png Graphic file (type bmp)
<C:/Users/31724/.cursor/projects/d/assets/c__Users_31724_AppData_Roaming_Cursor
_User_workspaceStorage_ecdb843983927f0bd3607f2900fc4e87_images_image-3d2016c0-8
bad-493a-89bf-a031f4d7846b.png>
 [26] [27]
File: C:/Users/31724/.cursor/projects/d/assets/c__Users_31724_AppData_Roaming_C
ursor_User_workspaceStorage_ecdb843983927f0bd3607f2900fc4e87_images_image-f0aa8
b2c-1103-4359-817b-977110f70371.png Graphic file (type bmp)
<C:/Users/31724/.cursor/projects/d/assets/c__Users_31724_AppData_Roaming_Cursor
_User_workspaceStorage_ecdb843983927f0bd3607f2900fc4e87_images_image-f0aa8b2c-1
103-4359-817b-977110f70371.png>
File: C:/Users/31724/.cursor/projects/d/assets/c__Users_31724_AppData_Roaming_C
ursor_User_workspaceStorage_ecdb843983927f0bd3607f2900fc4e87_images_image-53dd7
b86-2dfd-48d5-8a6c-127af0785350.png Graphic file (type bmp)
<C:/Users/31724/.cursor/projects/d/assets/c__Users_31724_AppData_Roaming_Cursor
_User_workspaceStorage_ecdb843983927f0bd3607f2900fc4e87_images_image-53dd7b86-2
dfd-48d5-8a6c-127af0785350.png>
 [28]
File: C:/Users/31724/.cursor/projects/d/assets/c__Users_31724_AppData_Roaming_C
ursor_User_workspaceStorage_ecdb843983927f0bd3607f2900fc4e87_images_image-d26d1
bae-542f-4db1-aa13-d4a2a346bbd4.png Graphic file (type bmp)
<C:/Users/31724/.cursor/projects/d/assets/c__Users_31724_AppData_Roaming_Cursor
_User_workspaceStorage_ecdb843983927f0bd3607f2900fc4e87_images_image-d26d1bae-5
42f-4db1-aa13-d4a2a346bbd4.png>

[29]
Underfull \hbox (badness 2435) in paragraph at lines 346--347
\TU/SimSun(0)/m/n/12.045 缆 分 割 掩 膜 共 同 构 成。|  为 使 网 络 输 出 形 式 与 构 造 的 标 签 保 持 一
 致，|  本 文 对
 []

[30]
File: C:/Users/31724/.cursor/projects/d/assets/c__Users_31724_AppData_Roaming_C
ursor_User_workspaceStorage_ecdb843983927f0bd3607f2900fc4e87_images_image-8c589
3ae-40bb-48d2-969e-d6734019b774.png Graphic file (type bmp)
<C:/Users/31724/.cursor/projects/d/assets/c__Users_31724_AppData_Roaming_Cursor
_User_workspaceStorage_ecdb843983927f0bd3607f2900fc4e87_images_image-8c5893ae-4
0bb-48d2-969e-d6734019b774.png>
 [31]
Underfull \hbox (badness 2460) in paragraph at lines 369--370
[]\TU/SimSun(0)/m/n/12.045 对 于 识 别 出 的 角 点，|  本 文 进 一 步 通 过 几 何 一 致 性 规 则 确 定 其
 属 于 同 一
 []


Underfull \hbox (badness 2435) in paragraph at lines 369--370
\TU/SimSun(0)/m/n/12.045 矩 形 平 面。|  具 体 做 法 为：|  首 先 分 别 在 四 类 角 点 热 力 图 中 提 取 
局 部 峰 值 候 选
 []


Underfull \hbox (badness 5175) in paragraph at lines 369--370
\TU/SimSun(0)/m/n/12.045 集 $\LMS/ntxsy/m/n/12.045 P[]\OML/ntxmi/m/it/12.045 ; \
LMS/ntxsy/m/n/12.045 P[]\OML/ntxmi/m/it/12.045 ; \LMS/ntxsy/m/n/12.045 P[]\OML/
ntxmi/m/it/12.045 ; \LMS/ntxsy/m/n/12.045 P[]$\TU/SimSun(0)/m/n/12.045 ；|  随 后 
从 四 个 集 合 中 各 取 一 个 候 选 点 构 造 四 元 组 $\OML/ntxmi/m/it/12.045 Q[] \U/ntxmia/m/it/
12.045 =
 []

[32]
File: C:/Users/31724/.cursor/projects/d/assets/c__Users_31724_AppData_Roaming_C
ursor_User_workspaceStorage_ecdb843983927f0bd3607f2900fc4e87_images_image-68543
9f4-b11c-45d5-8443-8dc694709735.png Graphic file (type bmp)
<C:/Users/31724/.cursor/projects/d/assets/c__Users_31724_AppData_Roaming_Cursor
_User_workspaceStorage_ecdb843983927f0bd3607f2900fc4e87_images_image-685439f4-b
11c-45d5-8443-8dc694709735.png>
 [33] [34]
File: C:/Users/31724/.cursor/projects/d/assets/c__Users_31724_AppData_Roaming_C
ursor_User_workspaceStorage_ecdb843983927f0bd3607f2900fc4e87_images_image-7d8f7
2cc-cc7c-4cdb-9bc1-658f4babd79b.png Graphic file (type bmp)
<C:/Users/31724/.cursor/projects/d/assets/c__Users_31724_AppData_Roaming_Cursor
_User_workspaceStorage_ecdb843983927f0bd3607f2900fc4e87_images_image-7d8f72cc-c
c7c-4cdb-9bc1-658f4babd79b.png>
 [35]
Underfull \hbox (badness 1552) in paragraph at lines 472--473
[]\TU/SimSun(0)/m/n/12.045 位 姿 解 算 基 于 针 孔 相 机 模 型。|  设 物 体 系 下 第 $\OML/ntxmi/m
/it/12.045 i$ \TU/SimSun(0)/m/n/12.045 个 三 维 关 键 点 为 $\OT1/ntxtlf/b/n/12.045 P[
] \U/ntxmia/m/it/12.045 =
 []

File: C:/Users/31724/.cursor/projects/d/assets/c__Users_31724_AppData_Roaming_C
ursor_User_workspaceStorage_ecdb843983927f0bd3607f2900fc4e87_images_image-181e3
86a-1bef-4ae9-a6c7-48e02b72e33c.png Graphic file (type bmp)
<C:/Users/31724/.cursor/projects/d/assets/c__Users_31724_AppData_Roaming_Cursor
_User_workspaceStorage_ecdb843983927f0bd3607f2900fc4e87_images_image-181e386a-1
bef-4ae9-a6c7-48e02b72e33c.png>
[36] [37]
File: C:/Users/31724/.cursor/projects/d/assets/c__Users_31724_AppData_Roaming_C
ursor_User_workspaceStorage_ecdb843983927f0bd3607f2900fc4e87_images_image-f1f54
61d-6cc9-40ba-8ec5-2e3f4b9c8a1a.png Graphic file (type bmp)
<C:/Users/31724/.cursor/projects/d/assets/c__Users_31724_AppData_Roaming_Cursor
_User_workspaceStorage_ecdb843983927f0bd3607f2900fc4e87_images_image-f1f5461d-6
cc9-40ba-8ec5-2e3f4b9c8a1a.png>
 [38] [39] [40]
File: C:/Users/31724/.cursor/projects/d/assets/c__Users_31724_AppData_Roaming_C
ursor_User_workspaceStorage_ecdb843983927f0bd3607f2900fc4e87_images_image-16427
7d5-daf3-4bc1-bdae-3f15612d2048.png Graphic file (type bmp)
<C:/Users/31724/.cursor/projects/d/assets/c__Users_31724_AppData_Roaming_Cursor
_User_workspaceStorage_ecdb843983927f0bd3607f2900fc4e87_images_image-164277d5-d
af3-4bc1-bdae-3f15612d2048.png>
 [41]
Package hyperref Info: bookmark level for unknown equation defaults to 0 on inp
ut line 605.
 [42]
File: C:/Users/31724/.cursor/projects/d/assets/c__Users_31724_AppData_Roaming_C
ursor_User_workspaceStorage_ecdb843983927f0bd3607f2900fc4e87_images_image-e79db
21a-790c-475b-813f-025b75845b94.png Graphic file (type bmp)
<C:/Users/31724/.cursor/projects/d/assets/c__Users_31724_AppData_Roaming_Cursor
_User_workspaceStorage_ecdb843983927f0bd3607f2900fc4e87_images_image-e79db21a-7
90c-475b-813f-025b75845b94.png>
File: C:/Users/31724/.cursor/projects/d/assets/c__Users_31724_AppData_Roaming_C
ursor_User_workspaceStorage_ecdb843983927f0bd3607f2900fc4e87_images_image-2aefc
d84-7405-40cf-a631-a93383160844.png Graphic file (type bmp)
<C:/Users/31724/.cursor/projects/d/assets/c__Users_31724_AppData_Roaming_Cursor
_User_workspaceStorage_ecdb843983927f0bd3607f2900fc4e87_images_image-2aefcd84-7
405-40cf-a631-a93383160844.png>
 [43]
File: C:/Users/31724/.cursor/projects/d/assets/c__Users_31724_AppData_Roaming_C
ursor_User_workspaceStorage_ecdb843983927f0bd3607f2900fc4e87_images_image-1f65f
79c-a0b7-4503-bc00-36bd37bf41c4.png Graphic file (type bmp)
<C:/Users/31724/.cursor/projects/d/assets/c__Users_31724_AppData_Roaming_Cursor
_User_workspaceStorage_ecdb843983927f0bd3607f2900fc4e87_images_image-1f65f79c-a
0b7-4503-bc00-36bd37bf41c4.png>
File: C:/Users/31724/.cursor/projects/d/assets/c__Users_31724_AppData_Roaming_C
ursor_User_workspaceStorage_ecdb843983927f0bd3607f2900fc4e87_images_image-c3b77
90b-a62e-431e-b9b6-5be1eedcc63b.png Graphic file (type bmp)
<C:/Users/31724/.cursor/projects/d/assets/c__Users_31724_AppData_Roaming_Cursor
_User_workspaceStorage_ecdb843983927f0bd3607f2900fc4e87_images_image-c3b7790b-a
62e-431e-b9b6-5be1eedcc63b.png>
 [44] [45] [46]) [47]
\openout2 = `body/chapter03.aux'.


(./body/chapter03.tex
第3章
[48





]
File: C:/Users/31724/.cursor/projects/d/assets/c__Users_31724_AppData_Roaming_C
ursor_User_workspaceStorage_ecdb843983927f0bd3607f2900fc4e87_images_image-f72cd
163-7341-4e59-a3f1-2cc184656ecf.png Graphic file (type bmp)
<C:/Users/31724/.cursor/projects/d/assets/c__Users_31724_AppData_Roaming_Cursor
_User_workspaceStorage_ecdb843983927f0bd3607f2900fc4e87_images_image-f72cd163-7
341-4e59-a3f1-2cc184656ecf.png>
 [49] [50] [51]
File: C:/Users/31724/.cursor/projects/d/assets/c__Users_31724_AppData_Roaming_C
ursor_User_workspaceStorage_ecdb843983927f0bd3607f2900fc4e87_images_image-82d4f
bdb-6fac-4b08-ad12-f16784375665.png Graphic file (type bmp)
<C:/Users/31724/.cursor/projects/d/assets/c__Users_31724_AppData_Roaming_Cursor
_User_workspaceStorage_ecdb843983927f0bd3607f2900fc4e87_images_image-82d4fbdb-6
fac-4b08-ad12-f16784375665.png>
 [52]
File: C:/Users/31724/.cursor/projects/d/assets/c__Users_31724_AppData_Roaming_C
ursor_User_workspaceStorage_ecdb843983927f0bd3607f2900fc4e87_images_image-9f155
b7e-358a-47ef-83a3-27a4d3d6b0a9.png Graphic file (type bmp)
<C:/Users/31724/.cursor/projects/d/assets/c__Users_31724_AppData_Roaming_Cursor
_User_workspaceStorage_ecdb843983927f0bd3607f2900fc4e87_images_image-9f155b7e-3
58a-47ef-83a3-27a4d3d6b0a9.png>
 [53] [54] [55]
File: figures/fig3-6_graspnet_train_tb.png Graphic file (type bmp)
<figures/fig3-6_graspnet_train_tb.png>
 [56] [57]
File: C:/Users/31724/.cursor/projects/d/assets/c__Users_31724_AppData_Roaming_C
ursor_User_workspaceStorage_ecdb843983927f0bd3607f2900fc4e87_images_image-e9ef6
b43-0852-4ed9-8fac-12136d06fbb6.png Graphic file (type bmp)
<C:/Users/31724/.cursor/projects/d/assets/c__Users_31724_AppData_Roaming_Cursor
_User_workspaceStorage_ecdb843983927f0bd3607f2900fc4e87_images_image-e9ef6b43-0
852-4ed9-8fac-12136d06fbb6.png>
 [58] [59] [60] [61] [62]
File: C:/Users/31724/.cursor/projects/d/assets/c__Users_31724_AppData_Roaming_C
ursor_User_workspaceStorage_ecdb843983927f0bd3607f2900fc4e87_images_image-d90db
8d2-9945-4e27-b0c8-4a318ed17cb7.png Graphic file (type bmp)
<C:/Users/31724/.cursor/projects/d/assets/c__Users_31724_AppData_Roaming_Cursor
_User_workspaceStorage_ecdb843983927f0bd3607f2900fc4e87_images_image-d90db8d2-9
945-4e27-b0c8-4a318ed17cb7.png>

[63] [64]
File: C:/Users/31724/.cursor/projects/d/assets/c__Users_31724_AppData_Roaming_C
ursor_User_workspaceStorage_ecdb843983927f0bd3607f2900fc4e87_images_image-21a6f
aec-bd81-4c54-86ed-5f97026ef897.png Graphic file (type bmp)
<C:/Users/31724/.cursor/projects/d/assets/c__Users_31724_AppData_Roaming_Cursor
_User_workspaceStorage_ecdb843983927f0bd3607f2900fc4e87_images_image-21a6faec-b
d81-4c54-86ed-5f97026ef897.png>
 [65]
File: C:/Users/31724/.cursor/projects/d/assets/c__Users_31724_AppData_Roaming_C
ursor_User_workspaceStorage_ecdb843983927f0bd3607f2900fc4e87_images_image-4756c
399-e654-4f6b-aed5-a6fcfb71e2b8.png Graphic file (type bmp)
<C:/Users/31724/.cursor/projects/d/assets/c__Users_31724_AppData_Roaming_Cursor
_User_workspaceStorage_ecdb843983927f0bd3607f2900fc4e87_images_image-4756c399-e
654-4f6b-aed5-a6fcfb71e2b8.png>
 [66] [67]
File: C:/Users/31724/.cursor/projects/d/assets/c__Users_31724_AppData_Roaming_C
ursor_User_workspaceStorage_ecdb843983927f0bd3607f2900fc4e87_images_image-1925e
a05-455d-4288-8486-86c3d3ae8878.png Graphic file (type bmp)
<C:/Users/31724/.cursor/projects/d/assets/c__Users_31724_AppData_Roaming_Cursor
_User_workspaceStorage_ecdb843983927f0bd3607f2900fc4e87_images_image-1925ea05-4
55d-4288-8486-86c3d3ae8878.png>
File: C:/Users/31724/.cursor/projects/d/assets/c__Users_31724_AppData_Roaming_C
ursor_User_workspaceStorage_ecdb843983927f0bd3607f2900fc4e87_images_image-01eed
c44-b151-487c-a381-506c2f4993e7.png Graphic file (type bmp)
<C:/Users/31724/.cursor/projects/d/assets/c__Users_31724_AppData_Roaming_Cursor
_User_workspaceStorage_ecdb843983927f0bd3607f2900fc4e87_images_image-01eedc44-b
151-487c-a381-506c2f4993e7.png>
 [68] [69]
File: C:/Users/31724/.cursor/projects/d/assets/c__Users_31724_AppData_Roaming_C
ursor_User_workspaceStorage_ecdb843983927f0bd3607f2900fc4e87_images_image-9d8fc
1e2-8888-4af8-98f3-7183b1e9077e.png Graphic file (type bmp)
<C:/Users/31724/.cursor/projects/d/assets/c__Users_31724_AppData_Roaming_Cursor
_User_workspaceStorage_ecdb843983927f0bd3607f2900fc4e87_images_image-9d8fc1e2-8
888-4af8-98f3-7183b1e9077e.png>
File: C:/Users/31724/.cursor/projects/d/assets/c__Users_31724_AppData_Roaming_C
ursor_User_workspaceStorage_ecdb843983927f0bd3607f2900fc4e87_images_image-98765
134-8330-4fec-b143-76798fc26a99.png Graphic file (type bmp)
<C:/Users/31724/.cursor/projects/d/assets/c__Users_31724_AppData_Roaming_Cursor
_User_workspaceStorage_ecdb843983927f0bd3607f2900fc4e87_images_image-98765134-8
330-4fec-b143-76798fc26a99.png>
 [70] [71] [72] [73] [74] [75]
File: C:/Users/31724/.cursor/projects/d/assets/c__Users_31724_AppData_Roaming_C
ursor_User_workspaceStorage_ecdb843983927f0bd3607f2900fc4e87_images_image-b33fd
eca-b1f7-4365-b1d2-27256287520e.png Graphic file (type bmp)
<C:/Users/31724/.cursor/projects/d/assets/c__Users_31724_AppData_Roaming_Cursor
_User_workspaceStorage_ecdb843983927f0bd3607f2900fc4e87_images_image-b33fdeca-b
1f7-4365-b1d2-27256287520e.png>
 [76] [77]
[78] [79] [80]
File: C:/Users/31724/.cursor/projects/d/assets/c__Users_31724_AppData_Roaming_C
ursor_User_workspaceStorage_ecdb843983927f0bd3607f2900fc4e87_images_image-5a3f4
5a5-1f3c-467a-b135-932c61e70764.png Graphic file (type bmp)
<C:/Users/31724/.cursor/projects/d/assets/c__Users_31724_AppData_Roaming_Cursor
_User_workspaceStorage_ecdb843983927f0bd3607f2900fc4e87_images_image-5a3f45a5-1
f3c-467a-b135-932c61e70764.png>
 [81]) [82]
\openout2 = `body/chapter04.aux'.

 (./body/chapter04.tex
第4章
File: C:/Users/31724/.cursor/projects/d/assets/c__Users_31724_AppData_Roaming_C
ursor_User_workspaceStorage_ecdb843983927f0bd3607f2900fc4e87_images_image-43437
0fd-4bc9-4ae7-a2e5-78a99d0d8a94.png Graphic file (type bmp)
<C:/Users/31724/.cursor/projects/d/assets/c__Users_31724_AppData_Roaming_Cursor
_User_workspaceStorage_ecdb843983927f0bd3607f2900fc4e87_images_image-434370fd-4
bc9-4ae7-a2e5-78a99d0d8a94.png>
[83





]
File: C:/Users/31724/.cursor/projects/d/assets/c__Users_31724_AppData_Roaming_C
ursor_User_workspaceStorage_ecdb843983927f0bd3607f2900fc4e87_images_image-05241
768-52dd-4e55-9580-0faf30871fe8.png Graphic file (type bmp)
<C:/Users/31724/.cursor/projects/d/assets/c__Users_31724_AppData_Roaming_Cursor
_User_workspaceStorage_ecdb843983927f0bd3607f2900fc4e87_images_image-05241768-5
2dd-4e55-9580-0faf30871fe8.png>
 [84] [85]
File: C:/Users/31724/.cursor/projects/d/assets/c__Users_31724_AppData_Roaming_C
ursor_User_workspaceStorage_ecdb843983927f0bd3607f2900fc4e87_images_image-33596
449-7f0d-4b20-b94a-e120da2e6224.png Graphic file (type bmp)
<C:/Users/31724/.cursor/projects/d/assets/c__Users_31724_AppData_Roaming_Cursor
_User_workspaceStorage_ecdb843983927f0bd3607f2900fc4e87_images_image-33596449-7
f0d-4b20-b94a-e120da2e6224.png>
 [86] [87] [88]
File: ../图表生成/阻抗控制器仿真matlab/plots_controller/fig_ema_effect_demo.png Graphic fi
le (type bmp)
<../图表生成/阻抗控制器仿真matlab/plots_controller/fig_ema_effect_demo.png>
 [89]
File: C:/Users/31724/.cursor/projects/d/assets/c__Users_31724_AppData_Roaming_C
ursor_User_workspaceStorage_ecdb843983927f0bd3607f2900fc4e87_images_image-280d2
318-077b-4c8b-8393-3135a2ffb955.png Graphic file (type bmp)
<C:/Users/31724/.cursor/projects/d/assets/c__Users_31724_AppData_Roaming_Cursor
_User_workspaceStorage_ecdb843983927f0bd3607f2900fc4e87_images_image-280d2318-0
77b-4c8b-8393-3135a2ffb955.png>
 [90] [91]
File: C:/Users/31724/.cursor/projects/d/assets/d________________simulink__.jpg 
Graphic file (type bmp)
<C:/Users/31724/.cursor/projects/d/assets/d________________simulink__.jpg>
 [92]
File: ../图表生成/阻抗控制器仿真matlab/controller_comparison_plots/fig_controller_error_co
mpare.png Graphic file (type bmp)
<../图表生成/阻抗控制器仿真matlab/controller_comparison_plots/fig_controller_error_compare
.png>
File: ../图表生成/阻抗控制器仿真matlab/plots_controller/fig_ctrl_variable_gains.png Graphi
c file (type bmp)
<../图表生成/阻抗控制器仿真matlab/plots_controller/fig_ctrl_variable_gains.png>
File: ../图表生成/阻抗控制器仿真matlab/controller_comparison_plots/fig_controller_metrics_
bar.png Graphic file (type bmp)
<../图表生成/阻抗控制器仿真matlab/controller_comparison_plots/fig_controller_metrics_bar.p
ng>
 [93] [94] [95] [96]
File: C:/Users/31724/.cursor/projects/d/assets/c__Users_31724_AppData_Roaming_C
ursor_User_workspaceStorage_ecdb843983927f0bd3607f2900fc4e87_images_image-00f28
e4c-5632-4c7c-8720-605d166cd84f.png Graphic file (type bmp)
<C:/Users/31724/.cursor/projects/d/assets/c__Users_31724_AppData_Roaming_Cursor
_User_workspaceStorage_ecdb843983927f0bd3607f2900fc4e87_images_image-00f28e4c-5
632-4c7c-8720-605d166cd84f.png>
 [97]
File: C:/Users/31724/.cursor/projects/d/assets/c__Users_31724_AppData_Roaming_C
ursor_User_workspaceStorage_ecdb843983927f0bd3607f2900fc4e87_images_image-c4f78
e23-14e1-489d-9055-2ce23ba6bcec.png Graphic file (type bmp)
<C:/Users/31724/.cursor/projects/d/assets/c__Users_31724_AppData_Roaming_Cursor
_User_workspaceStorage_ecdb843983927f0bd3607f2900fc4e87_images_image-c4f78e23-1
4e1-489d-9055-2ce23ba6bcec.png>

[98] [99]
File: C:/Users/31724/.cursor/projects/d/assets/c__Users_31724_AppData_Roaming_C
ursor_User_workspaceStorage_ecdb843983927f0bd3607f2900fc4e87_images_image-8919b
d2e-d606-44cd-a9d8-941c7697c947.png Graphic file (type bmp)
<C:/Users/31724/.cursor/projects/d/assets/c__Users_31724_AppData_Roaming_Cursor
_User_workspaceStorage_ecdb843983927f0bd3607f2900fc4e87_images_image-8919bd2e-d
606-44cd-a9d8-941c7697c947.png>
 [100]
File: C:/Users/31724/.cursor/projects/d/assets/c__Users_31724_AppData_Roaming_C
ursor_User_workspaceStorage_ecdb843983927f0bd3607f2900fc4e87_images_image-87ec7
fd4-0e95-41a0-b9d1-6a99f1e974eb.png Graphic file (type bmp)
<C:/Users/31724/.cursor/projects/d/assets/c__Users_31724_AppData_Roaming_Cursor
_User_workspaceStorage_ecdb843983927f0bd3607f2900fc4e87_images_image-87ec7fd4-0
e95-41a0-b9d1-6a99f1e974eb.png>
 [101]
File: C:/Users/31724/.cursor/projects/d/assets/c__Users_31724_AppData_Roaming_C
ursor_User_workspaceStorage_ecdb843983927f0bd3607f2900fc4e87_images_image-66339
ffd-77c9-48c7-b7f1-20ebb471067a.png Graphic file (type bmp)
<C:/Users/31724/.cursor/projects/d/assets/c__Users_31724_AppData_Roaming_Cursor
_User_workspaceStorage_ecdb843983927f0bd3607f2900fc4e87_images_image-66339ffd-7
7c9-48c7-b7f1-20ebb471067a.png>
 [102] [103]
File: C:/Users/31724/.cursor/projects/d/assets/c__Users_31724_AppData_Roaming_C
ursor_User_workspaceStorage_ecdb843983927f0bd3607f2900fc4e87_images_image-adda6
304-7568-44bb-af34-64ac57925394.png Graphic file (type bmp)
<C:/Users/31724/.cursor/projects/d/assets/c__Users_31724_AppData_Roaming_Cursor
_User_workspaceStorage_ecdb843983927f0bd3607f2900fc4e87_images_image-adda6304-7
568-44bb-af34-64ac57925394.png>
 [104]
Underfull \hbox (badness 1708) in paragraph at lines 505--506
[]\TU/SimSun(0)/m/n/12.045 高 层 策 略 与 动 作 值 函 数 网 络 基 于 状 态 $\OML/ntxmi/m/it/12.
045 s[] \U/ntxmia/m/it/12.045 = \LMS/ntxsy/m/n/12.045 »\OML/ntxmi/m/it/12.045 o
[]; o[]\LMS/ntxsy/m/n/12.045 ¼$ \TU/SimSun(0)/m/n/12.045 与 动 作 $\OML/ntxmi/m/it
/12.045 a[] \U/ntxmia/m/it/12.045 =
 []

File: C:/Users/31724/.cursor/projects/d/assets/c__Users_31724_AppData_Roaming_C
ursor_User_workspaceStorage_ecdb843983927f0bd3607f2900fc4e87_images_image-b0d4e
92b-c974-431f-8b8d-0ae4be16c311.png Graphic file (type bmp)
<C:/Users/31724/.cursor/projects/d/assets/c__Users_31724_AppData_Roaming_Cursor
_User_workspaceStorage_ecdb843983927f0bd3607f2900fc4e87_images_image-b0d4e92b-c
974-431f-8b8d-0ae4be16c311.png>
[105] [106]
Overfull \hbox (87.7471pt too wide) detected at line 543
\LMS/ntxsy/m/n/12.045 L[]¹\OML/ntxmi/m/it/12.045 ^^^\LMS/ntxsy/m/n/12.045 º \U/
ntxmia/m/it/12.045 = \U/ntxsym/m/n/12.045 E[]  [] \LMS/ntxsy/m/n/12.045 Ï \OML/
ntxmi/m/it/12.045 ^^U[] \U/ntxsym/m/n/12.045 E[]  [] \OML/ntxmi/m/it/12.045 ;
 []

[107]
File: C:/Users/31724/.cursor/projects/d/assets/c__Users_31724_AppData_Roaming_C
ursor_User_workspaceStorage_ecdb843983927f0bd3607f2900fc4e87_images_image-225d5
3dc-cb2b-4978-a0e2-c0feaa6ae873.png Graphic file (type bmp)
<C:/Users/31724/.cursor/projects/d/assets/c__Users_31724_AppData_Roaming_Cursor
_User_workspaceStorage_ecdb843983927f0bd3607f2900fc4e87_images_image-225d53dc-c
b2b-4978-a0e2-c0feaa6ae873.png>
 [108] [109]
File: C:/Users/31724/.cursor/projects/d/assets/c__Users_31724_AppData_Roaming_C
ursor_User_workspaceStorage_ecdb843983927f0bd3607f2900fc4e87_images_image-3e156
3bc-553c-45a2-8eb7-81bc4eabac5f.png Graphic file (type bmp)
<C:/Users/31724/.cursor/projects/d/assets/c__Users_31724_AppData_Roaming_Cursor
_User_workspaceStorage_ecdb843983927f0bd3607f2900fc4e87_images_image-3e1563bc-5
53c-45a2-8eb7-81bc4eabac5f.png>
 [110]
File: C:/Users/31724/.cursor/projects/d/assets/c__Users_31724_AppData_Roaming_C
ursor_User_workspaceStorage_ecdb843983927f0bd3607f2900fc4e87_images_image-7b87c
6e6-d434-4a99-980c-1bcd938e2d04.png Graphic file (type bmp)
<C:/Users/31724/.cursor/projects/d/assets/c__Users_31724_AppData_Roaming_Cursor
_User_workspaceStorage_ecdb843983927f0bd3607f2900fc4e87_images_image-7b87c6e6-d
434-4a99-980c-1bcd938e2d04.png>

Underfull \hbox (badness 1331) in paragraph at lines 626--627
\TU/SimSun(0)/m/n/12.045 在 \TU/TeXGyreTermesX(0)/m/n/12.045 IsaacSim \TU/SimSun
(0)/m/n/12.045 中 构 建 与 真 实 平 台 同 构 的 执 行 侧 与 学 习 侧，|  利 用 域 随 机 化 后 的
 []

[111]
File: C:/Users/31724/.cursor/projects/d/assets/c__Users_31724_AppData_Roaming_C
ursor_User_workspaceStorage_ecdb843983927f0bd3607f2900fc4e87_images_image-da95a
a47-71ee-4dc6-8c05-1c3f61b4ba09.png Graphic file (type bmp)
<C:/Users/31724/.cursor/projects/d/assets/c__Users_31724_AppData_Roaming_Cursor
_User_workspaceStorage_ecdb843983927f0bd3607f2900fc4e87_images_image-da95aa47-7
1ee-4dc6-8c05-1c3f61b4ba09.png>
 [112] [113]
File: C:/Users/31724/.cursor/projects/d/assets/c__Users_31724_AppData_Roaming_C
ursor_User_workspaceStorage_ecdb843983927f0bd3607f2900fc4e87_images_image-0a713
7d7-52bc-40e9-96a8-0a770af7fb78.png Graphic file (type bmp)
<C:/Users/31724/.cursor/projects/d/assets/c__Users_31724_AppData_Roaming_Cursor
_User_workspaceStorage_ecdb843983927f0bd3607f2900fc4e87_images_image-0a7137d7-5
2bc-40e9-96a8-0a770af7fb78.png>
 [114]
File: C:/Users/31724/.cursor/projects/d/assets/c__Users_31724_AppData_Roaming_C
ursor_User_workspaceStorage_ecdb843983927f0bd3607f2900fc4e87_images_image-490ae
9b7-85ca-468f-b903-776e7f666b87.png Graphic file (type bmp)
<C:/Users/31724/.cursor/projects/d/assets/c__Users_31724_AppData_Roaming_Cursor
_User_workspaceStorage_ecdb843983927f0bd3607f2900fc4e87_images_image-490ae9b7-8
5ca-468f-b903-776e7f666b87.png>
File: C:/Users/31724/.cursor/projects/d/assets/c__Users_31724_AppData_Roaming_C
ursor_User_workspaceStorage_ecdb843983927f0bd3607f2900fc4e87_images_image-ff9cb
ecb-b44f-459b-9c35-bf6ec5bc406c.png Graphic file (type bmp)
<C:/Users/31724/.cursor/projects/d/assets/c__Users_31724_AppData_Roaming_Cursor
_User_workspaceStorage_ecdb843983927f0bd3607f2900fc4e87_images_image-ff9cbecb-b
44f-459b-9c35-bf6ec5bc406c.png>
File: C:/Users/31724/.cursor/projects/d/assets/c__Users_31724_AppData_Roaming_C
ursor_User_workspaceStorage_ecdb843983927f0bd3607f2900fc4e87_images_image-f6329
4be-877f-48c6-ba06-88bf24804a12.png Graphic file (type bmp)
<C:/Users/31724/.cursor/projects/d/assets/c__Users_31724_AppData_Roaming_Cursor
_User_workspaceStorage_ecdb843983927f0bd3607f2900fc4e87_images_image-f63294be-8
77f-48c6-ba06-88bf24804a12.png>
 [115] [116]
File: C:/Users/31724/.cursor/projects/d/assets/c__Users_31724_AppData_Roaming_C
ursor_User_workspaceStorage_ecdb843983927f0bd3607f2900fc4e87_images_image-bcdc4
bad-7a9d-48a3-98e2-4cc178188281.png Graphic file (type bmp)
<C:/Users/31724/.cursor/projects/d/assets/c__Users_31724_AppData_Roaming_Cursor
_User_workspaceStorage_ecdb843983927f0bd3607f2900fc4e87_images_image-bcdc4bad-7
a9d-48a3-98e2-4cc178188281.png>
 [117]) [118]
\openout2 = `body/chapter05.aux'.

 (./body/chapter05.tex
第5章
File: C:/Users/31724/.cursor/projects/d/assets/c__Users_31724_AppData_Roaming_C
ursor_User_workspaceStorage_ecdb843983927f0bd3607f2900fc4e87_images_image-e290a
c0e-ed0f-45ed-a3f0-af8946377fd2.png Graphic file (type bmp)
<C:/Users/31724/.cursor/projects/d/assets/c__Users_31724_AppData_Roaming_Cursor
_User_workspaceStorage_ecdb843983927f0bd3607f2900fc4e87_images_image-e290ac0e-e
d0f-45ed-a3f0-af8946377fd2.png>
[119





]
Underfull \hbox (badness 10000) in paragraph at lines 30--30
[]|\TU/TeXGyreTermesX(0)/m/n/12.045 Franka Emika
 []


Underfull \hbox (badness 8038) in paragraph at lines 32--32
[]|\TU/TeXGyreTermesX(0)/m/n/12.045 Franka Hand +
 []


Underfull \hbox (badness 10000) in paragraph at lines 34--34
[]|\TU/TeXGyreTermesX(0)/m/n/12.045 RGB-D \TU/SimSun(0)/m/n/12.045 视
 []


Underfull \hbox (badness 10000) in paragraph at lines 34--34
\TU/SimSun(0)/m/n/12.045 觉 传 感 器
 []


Underfull \hbox (badness 10000) in paragraph at lines 34--34
[]|\TU/TeXGyreTermesX(0)/m/n/12.045 Intel RealSense
 []


Underfull \hbox (badness 10000) in paragraph at lines 36--36
[]|\TU/TeXGyreTermesX(0)/m/n/12.045 RGB-D \TU/SimSun(0)/m/n/12.045 视
 []


Underfull \hbox (badness 10000) in paragraph at lines 36--36
\TU/SimSun(0)/m/n/12.045 觉 传 感 器
 []


Underfull \hbox (badness 10000) in paragraph at lines 36--36
[]|\TU/TeXGyreTermesX(0)/m/n/12.045 Intel RealSense
 []


Underfull \hbox (badness 10000) in paragraph at lines 38--38
[]|\TU/TeXGyreTermesX(0)/m/n/12.045 RGB-D \TU/SimSun(0)/m/n/12.045 视
 []


Underfull \hbox (badness 10000) in paragraph at lines 38--38
\TU/SimSun(0)/m/n/12.045 觉 传 感 器
 []


Underfull \hbox (badness 10000) in paragraph at lines 40--40
[]|\TU/SimSun(0)/m/n/12.045 末 端 力\TU/TeXGyreTermesX(0)/m/n/12.045 /\TU/SimSun(0
)/m/n/12.045 力
 []


Underfull \hbox (badness 10000) in paragraph at lines 40--40
\TU/SimSun(0)/m/n/12.045 矩 反 馈 来
 []


Underfull \hbox (badness 10000) in paragraph at lines 40--40
[]|\TU/TeXGyreTermesX(0)/m/n/12.045 Franka \TU/SimSun(0)/m/n/12.045 关 节 力
 []


Underfull \hbox (badness 10000) in paragraph at lines 40--40
\TU/SimSun(0)/m/n/12.045 矩 观 测 与 动 力
 []


Underfull \hbox (badness 10000) in paragraph at lines 42--42
[]|\TU/SimSun(0)/m/n/12.045 定 制 缩 比 机 舱
 []


Overfull \hbox (15.02477pt too wide) in paragraph at lines 44--44
[]|\TU/TeXGyreTermesX(0)/m/n/12.045 D38999/26WC35PN
 []


Underfull \hbox (badness 10000) in paragraph at lines 46--46
[]|\TU/TeXGyreTermesX(0)/m/n/12.045 Intel Core i7-
 []


Overfull \hbox (11.9922pt too wide) in paragraph at lines 26--49
 [][] 
 []

[120] [121]
File: C:/Users/31724/.cursor/projects/d/assets/c__Users_31724_AppData_Roaming_C
ursor_User_workspaceStorage_ecdb843983927f0bd3607f2900fc4e87_images_image-4fcc7
d22-da6c-4854-b924-2e9f2713469f.png Graphic file (type bmp)
<C:/Users/31724/.cursor/projects/d/assets/c__Users_31724_AppData_Roaming_Cursor
_User_workspaceStorage_ecdb843983927f0bd3607f2900fc4e87_images_image-4fcc7d22-d
a6c-4854-b924-2e9f2713469f.png>
 [122]
File: C:/Users/31724/.cursor/projects/d/assets/c__Users_31724_AppData_Roaming_C
ursor_User_workspaceStorage_ecdb843983927f0bd3607f2900fc4e87_images_image-62ec7
463-2b17-47cb-91ec-aa0ea66e6752.png Graphic file (type bmp)
<C:/Users/31724/.cursor/projects/d/assets/c__Users_31724_AppData_Roaming_Cursor
_User_workspaceStorage_ecdb843983927f0bd3607f2900fc4e87_images_image-62ec7463-2
b17-47cb-91ec-aa0ea66e6752.png>
 [123]
Underfull \hbox (badness 10000) in paragraph at lines 106--106
[]|\TU/SimSun(0)/m/n/12.045 旋 转 外 参
 []


Underfull \hbox (badness 10000) in paragraph at lines 106--107
[]|\TU/SimSun(0)/m/n/12.045 重 投 影 误
 []


Overfull \hbox (32.92812pt too wide) in paragraph at lines 104--115
 [][] 
 []

[124]
File: C:/Users/31724/.cursor/projects/d/assets/c__Users_31724_AppData_Roaming_C
ursor_User_workspaceStorage_ecdb843983927f0bd3607f2900fc4e87_images_image-7a837
12b-6ae4-4eb5-b353-2e30392f4e92.png Graphic file (type bmp)
<C:/Users/31724/.cursor/projects/d/assets/c__Users_31724_AppData_Roaming_Cursor
_User_workspaceStorage_ecdb843983927f0bd3607f2900fc4e87_images_image-7a83712b-6
ae4-4eb5-b353-2e30392f4e92.png>
 [125]
File: C:/Users/31724/.cursor/projects/d/assets/c__Users_31724_AppData_Roaming_C
ursor_User_workspaceStorage_ecdb843983927f0bd3607f2900fc4e87_images_image-db3bd
a00-55ff-4263-9f20-e9b305ca3fa5.png Graphic file (type bmp)
<C:/Users/31724/.cursor/projects/d/assets/c__Users_31724_AppData_Roaming_Cursor
_User_workspaceStorage_ecdb843983927f0bd3607f2900fc4e87_images_image-db3bda00-5
5ff-4263-9f20-e9b305ca3fa5.png>

Underfull \hbox (badness 10000) in paragraph at lines 136--137
[]\TU/SimSun(0)/m/n/12.045 如 图 []\TU/TeXGyreTermesX(0)/m/n/12.045 5-5[] \TU/Sim
Sun(0)/m/n/12.045 所 示，|  系 统 软 件 架 构 由 \TU/texgyrecursor(0)/m/n/12.045 vision_n
ode\TU/SimSun(0)/m/n/12.045 、| \TU/texgyrecursor(0)/m/n/12.045 planning_node\TU
/SimSun(0)/m/n/12.045 、|
 []


Underfull \hbox (badness 10000) in paragraph at lines 136--137
\TU/texgyrecursor(0)/m/n/12.045 sensor_node\TU/SimSun(0)/m/n/12.045 、| \TU/texg
yrecursor(0)/m/n/12.045 control_node \TU/SimSun(0)/m/n/12.045 与 \TU/texgyrecurs
or(0)/m/n/12.045 state_manager \TU/SimSun(0)/m/n/12.045 五 类 核 心 节 点 构 成。|
 []

[126]
Underfull \hbox (badness 10000) in paragraph at lines 156--156
[]|\TU/SimSun(0)/m/n/10.53937 平 均 \TU/TeXGyreTermesX(0)/m/n/10.53937 65ms/\TU/S
imSun(0)/m/n/10.53937 帧  |（约
 []


Underfull \hbox (badness 10000) in paragraph at lines 158--159
[]|\TU/SimSun(0)/m/n/10.53937 滚 动 生 成 阶 段 轨 迹
 []


Underfull \hbox (badness 10000) in paragraph at lines 158--159
\TU/TeXGyreTermesX(0)/m/n/10.53937 joint_trajectory \TU/SimSun(0)/m/n/10.53937 
并 交 付 控 制
 []

File: C:/Users/31724/.cursor/projects/d/assets/c__Users_31724_AppData_Roaming_C
ursor_User_workspaceStorage_ecdb843983927f0bd3607f2900fc4e87_images_image-46e2d
d3e-a849-45e8-9ab9-227be097414c.png Graphic file (type bmp)
<C:/Users/31724/.cursor/projects/d/assets/c__Users_31724_AppData_Roaming_Cursor
_User_workspaceStorage_ecdb843983927f0bd3607f2900fc4e87_images_image-46e2dd3e-a
849-45e8-9ab9-227be097414c.png>
[127] [128]
Underfull \hbox (badness 10000) in paragraph at lines 318--318
[]|\TU/SimSun(0)/m/n/10.53937 平 均 感 知 时
 []

[129] [130]
Underfull \hbox (badness 10000) in paragraph at lines 407--408
[]|\TU/SimSun(0)/m/n/10.53937 平 均 规 划 时
 []

[131]
File: figures/fig5-planning-success-bars.png Graphic file (type bmp)
<figures/fig5-planning-success-bars.png>
File: figures/fig5-planning-convergence-schematic.png Graphic file (type bmp)
<figures/fig5-planning-convergence-schematic.png>
 [132]
File: C:/Users/31724/.cursor/projects/d/assets/c__Users_31724_AppData_Roaming_C
ursor_User_workspaceStorage_ecdb843983927f0bd3607f2900fc4e87_images_image-006df
1c2-d044-407d-8e32-20e94f3c77ff.png Graphic file (type bmp)
<C:/Users/31724/.cursor/projects/d/assets/c__Users_31724_AppData_Roaming_Cursor
_User_workspaceStorage_ecdb843983927f0bd3607f2900fc4e87_images_image-006df1c2-d
044-407d-8e32-20e94f3c77ff.png>
 [133]
File: C:/Users/31724/.cursor/projects/d/assets/c__Users_31724_AppData_Roaming_C
ursor_User_workspaceStorage_ecdb843983927f0bd3607f2900fc4e87_images_image-ed21a
4b2-c10c-4eff-9d12-526d797c775e.png Graphic file (type bmp)
<C:/Users/31724/.cursor/projects/d/assets/c__Users_31724_AppData_Roaming_Cursor
_User_workspaceStorage_ecdb843983927f0bd3607f2900fc4e87_images_image-ed21a4b2-c
10c-4eff-9d12-526d797c775e.png>
 [134] [135] [136]
Underfull \hbox (badness 10000) in paragraph at lines 508--508
[]|\TU/SimSun(0)/m/n/12.045 全 流 程 成 功
 []


Underfull \hbox (badness 10000) in paragraph at lines 508--508
[]|\TU/SimSun(0)/m/n/12.045 平 均 完 成 时
 []


Underfull \hbox (badness 10000) in paragraph at lines 508--508
[]|\TU/SimSun(0)/m/n/12.045 感 知 成 功
 []


Underfull \hbox (badness 10000) in paragraph at lines 508--509
[]|\TU/SimSun(0)/m/n/12.045 平 均 规 划 时
 []

File: C:/Users/31724/.cursor/projects/d/assets/c__Users_31724_AppData_Roaming_C
ursor_User_workspaceStorage_ecdb843983927f0bd3607f2900fc4e87_images_image-94e1e
78c-70fd-459b-acba-17691dab7467.png Graphic file (type bmp)
<C:/Users/31724/.cursor/projects/d/assets/c__Users_31724_AppData_Roaming_Cursor
_User_workspaceStorage_ecdb843983927f0bd3607f2900fc4e87_images_image-94e1e78c-7
0fd-459b-acba-17691dab7467.png>
File: C:/Users/31724/.cursor/projects/d/assets/c__Users_31724_AppData_Roaming_C
ursor_User_workspaceStorage_ecdb843983927f0bd3607f2900fc4e87_images_image-02874
34a-4a3d-4d91-9032-39a0d3117a4e.png Graphic file (type bmp)
<C:/Users/31724/.cursor/projects/d/assets/c__Users_31724_AppData_Roaming_Cursor
_User_workspaceStorage_ecdb843983927f0bd3607f2900fc4e87_images_image-0287434a-4
a3d-4d91-9032-39a0d3117a4e.png>
File: C:/Users/31724/.cursor/projects/d/assets/c__Users_31724_AppData_Roaming_C
ursor_User_workspaceStorage_ecdb843983927f0bd3607f2900fc4e87_images_image-b2e1a
2e2-855d-435f-aee2-18e02aac8caf.png Graphic file (type bmp)
<C:/Users/31724/.cursor/projects/d/assets/c__Users_31724_AppData_Roaming_Cursor
_User_workspaceStorage_ecdb843983927f0bd3607f2900fc4e87_images_image-b2e1a2e2-8
55d-435f-aee2-18e02aac8caf.png>
File: C:/Users/31724/.cursor/projects/d/assets/c__Users_31724_AppData_Roaming_C
ursor_User_workspaceStorage_ecdb843983927f0bd3607f2900fc4e87_images_image-ba1cf
7fb-6ed4-4f2a-bb58-6110ae122342.png Graphic file (type bmp)
<C:/Users/31724/.cursor/projects/d/assets/c__Users_31724_AppData_Roaming_Cursor
_User_workspaceStorage_ecdb843983927f0bd3607f2900fc4e87_images_image-ba1cf7fb-6
ed4-4f2a-bb58-6110ae122342.png>
[137] [138]) [139]
\openout2 = `back/conclusion.aux'.

 (./back/conclusion.tex) [140






] (./thesis.bbl [141




] [142]
[143])
\tf@thm=\write9
\openout9 = `thesis.thm'.



Package glossaries Warning: No \printglossary or \printglossaries found. 
(Remove \makeglossaries if you don't want any glossaries.) 
This document will not have a glossary.

[144] (./thesis.aux (./body/chapter01.aux) (./body/chapter02.aux)
(./body/chapter03.aux) (./body/chapter04.aux) (./body/chapter05.aux)
(./back/conclusion.aux))
 ***********
LaTeX2e <2025-11-01>
L3 programming layer <2022/08/05>
 ***********


LaTeX Font Warning: Size substitutions with differences
(Font)              up to 0.47188pt have occurred.

Package rerunfilecheck Info: File `thesis.out' has not changed.
(rerunfilecheck)             Checksum: 108B21B2C9BF7B96C9AD3971A0C2D920;15706.
 ) 
Here is how much of TeX's memory you used:
 49011 strings out of 470139
 1194268 string characters out of 5477717
 1473423 words of memory out of 5000000
 76682 multiletter control sequences out of 15000+600000
 685776 words of font info for 238 fonts, out of 8000000 for 9000
 36 hyphenation exceptions out of 8191
 107i,15n,125p,2670b,1312s stack positions out of 10000i,1000n,20000p,200000b,200000s

Output written on thesis.pdf (152 pages).
